row_id,path,field,item_index,origin,category_tag,current_text,suggested_text,rationale,decision,sme_notes
OPT-001,options.constraint,summary,1,kept,,"Soft-constraint penalties shaping trade-offs (overtime, lateness, sequence). Ineffective when relations is used.","Soft-constraint penalties shaping trade-offs (overtime, lateness, sequence). Ineffective when relations is used.","Spec: This attribute defines both the soft and hard constraints for an optimization job. Soft constraints are constraints that do not necessarily have to be satisfied, but the optimization algorithm will…",ACCEPT,
OPT-002,options.constraint,range,1,kept,,Object of penalty/limit integers. All soft.,Object of penalty/limit integers. All soft.,"Spec: This attribute defines both the soft and hard constraints for an optimization job. Soft constraints are constraints that do not necessarily have to be satisfied, but the optimization algorithm will…",ACCEPT,
OPT-003,options.constraint,businessRules,1,kept,,"These are SOFT — they penalize, never force infeasibility. Entirely ineffective when relations is present.","These are SOFT — they penalize, never force infeasibility. Entirely ineffective when relations is present.",Existing enrichment,ACCEPT,
OPT-004,options.constraint,businessRules,2,new,,,"constraint defines: This attribute defines both the soft and hard constraints for an optimization job. Soft constraints are constraints that do not necessarily have to be satisfied, but the optimization algorithm will…",Analytical business logic extraction,ACCEPT,
OPT-005,options.constraint,businessRules,3,new,,,"Must stay consistent with: options.constraint.max_visit_lateness, relations. Changes here may require validation of those fields.",Analytical business logic extraction,ACCEPT,
OPT-006,options.constraint,businessRules,4,new,,,"Rule: Relations define hard sequencing: job pairs, duration bounds, vehicle affinity.",Analytical business logic extraction,ACCEPT,
OPT-007,options.constraint,businessRules,5,new,,,This is a soft constraint. Violations are penalized but don't make solutions infeasible.,Analytical business logic extraction,ACCEPT,
OPT-008,options.constraint,businessRules,6,new,,,Optional field. Omitting uses solver's default behavior (no penalty).,Analytical business logic extraction,ACCEPT,
OPT-009,options.constraint,testingGuidance,1,kept,Positive,Positive: raise visit_lateness_penalty to discourage late visits.,Positive: raise visit_lateness_penalty to discourage late visits.,Existing enrichment,ACCEPT,
OPT-010,options.constraint,testingGuidance,2,kept,Interaction,"Interaction: with relations set, these penalties have no effect.","Interaction: with relations set, these penalties have no effect.",Existing enrichment,ACCEPT,
OPT-011,options.constraint,testingGuidance,3,new,Positive,,Positive: omit optional field constraint,Analytical spec deep-dive,ACCEPT,
OPT-012,options.constraint,testingGuidance,4,new,Interaction,,"Interaction: Interaction: with a relation set, raising visit_lateness_penalty has no effect.",Analytical spec deep-dive,ACCEPT,
OPT-013,options.constraint,testingGuidance,5,new,Interaction,,Interaction: Infeasible: an in_direct_sequence relation whose ordering is impossible -> all its tasks unassigned.,Analytical spec deep-dive,ACCEPT,
OPT-014,options.constraint.max_vehicle_overtime,summary,1,kept,,Max overtime allowed after a vehicle's shift window ends (seconds).,Max overtime allowed after a vehicle's shift window ends (seconds).,Spec: This is a soft constraint for vehicle overtime. Overtime is defined as the time that a vehicle spends to complete a set of jobs after its time window has ended. max_vehicle_overtime attribute speci…,ACCEPT,
OPT-015,options.constraint.max_vehicle_overtime,range,1,kept,,Integer seconds. Default 0.,Integer seconds. Default 0.,Spec: This is a soft constraint for vehicle overtime. Overtime is defined as the time that a vehicle spends to complete a set of jobs after its time window has ended. max_vehicle_overtime attribute speci…,ACCEPT,
OPT-016,options.constraint.max_vehicle_overtime,constraints,1,kept,,Non-negative integer seconds.,Non-negative integer seconds.,Existing enrichment,ACCEPT,
OPT-017,options.constraint.max_vehicle_overtime,businessRules,1,kept,,Overtime beyond this is penalized via vehicle_overtime_penalty (soft).,Overtime beyond this is penalized via vehicle_overtime_penalty (soft).,Existing enrichment,ACCEPT,
OPT-018,options.constraint.max_vehicle_overtime,businessRules,2,new,,,max_vehicle_overtime defines: This is a soft constraint for vehicle overtime. Overtime is defined as the time that a vehicle spends to complete a set of jobs after its time window has ended. max_vehicle_overtime attribute speci…,Analytical business logic extraction,ACCEPT,
OPT-019,options.constraint.max_vehicle_overtime,businessRules,3,new,,,Must stay consistent with: options.constraint.vehicle_overtime_penalty. Changes here may require validation of those fields.,Analytical business logic extraction,ACCEPT,
OPT-020,options.constraint.max_vehicle_overtime,businessRules,4,new,,,Rule: Vehicle's allowed_zones must include the job/shipment's zones.,Analytical business logic extraction,ACCEPT,
OPT-021,options.constraint.max_vehicle_overtime,businessRules,5,new,,,This is a soft constraint. Violations are penalized but don't make solutions infeasible.,Analytical business logic extraction,ACCEPT,
OPT-022,options.constraint.max_vehicle_overtime,businessRules,6,new,,,Values in seconds; must be non-negative. Zero means instantaneous.,Analytical business logic extraction,ACCEPT,
OPT-023,options.constraint.max_vehicle_overtime,businessRules,7,new,,,Optional field. Omitting uses solver's default behavior (no penalty).,Analytical business logic extraction,ACCEPT,
OPT-024,options.constraint.max_vehicle_overtime,testingGuidance,1,kept,Positive,Positive: allow 1800s overtime to serve one more task.,Positive: allow 1800s overtime to serve one more task.,Existing enrichment,ACCEPT,
OPT-025,options.constraint.max_vehicle_overtime,testingGuidance,2,kept,Boundary,Boundary: default 0 (no overtime).,Boundary: default 0 (no overtime).,Existing enrichment,ACCEPT,
OPT-026,options.constraint.max_vehicle_overtime,testingGuidance,3,new,Boundary,,Boundary: zero value (0),Analytical spec deep-dive,ACCEPT,
OPT-027,options.constraint.max_vehicle_overtime,testingGuidance,4,new,Boundary,,Boundary: negative value (-1),Analytical spec deep-dive,ACCEPT,
OPT-028,options.constraint.max_vehicle_overtime,testingGuidance,5,new,Boundary,,Boundary: very large value,Analytical spec deep-dive,ACCEPT,
OPT-029,options.constraint.max_vehicle_overtime,testingGuidance,6,new,Positive,,Positive: omit optional field max_vehicle_overtime,Analytical spec deep-dive,ACCEPT,
OPT-030,options.constraint.max_vehicle_overtime,testingGuidance,7,new,Interaction,,"Interaction: Positive: all jobs feasible under hard constraints + balancing options enabled -> all jobs still assigned (assert assignment count only, never the specific route distribution).",Analytical spec deep-dive,ACCEPT,
OPT-031,options.constraint.max_vehicle_overtime,testingGuidance,8,new,Interaction,,Interaction: Negative-infeasible: a job infeasible under a hard constraint (e.g. impossible time window) stays unassigned regardless of balancing weights (assert unassigned reason).,Analytical spec deep-dive,ACCEPT,
OPT-032,options.constraint.max_visit_lateness,summary,1,kept,,Global max lateness after a task window (seconds); a per-task max_visit_lateness overrides it.,Global max lateness after a task window (seconds); a per-task max_visit_lateness overrides it.,"Spec: This is a soft constraint for permissible delay, in seconds, to complete a job or shipment after its time window is over. If a job or shipment’s lateness exceeds this value, it will be considered a…",ACCEPT,
OPT-033,options.constraint.max_visit_lateness,range,1,kept,,Integer seconds (max tolerated lateness vs a task's window). Not-in-spec: non-negativity / exact rejection behavior (TBC).,Integer seconds (max tolerated lateness vs a task's window). Not-in-spec: non-negativity / exact rejection behavior (TBC).,"Spec: This is a soft constraint for permissible delay, in seconds, to complete a job or shipment after its time window is over. If a job or shipment’s lateness exceeds this value, it will be considered a…",ACCEPT,
OPT-034,options.constraint.max_visit_lateness,constraints,1,kept,,Integer seconds (API Facts §1.3/§1.5).,Integer seconds (API Facts §1.3/§1.5).,Existing enrichment,ACCEPT,
OPT-035,options.constraint.max_visit_lateness,businessRules,1,kept,,A task's own max_visit_lateness overrides this global value (C2).,A task's own max_visit_lateness overrides this global value (C2).,Existing enrichment,ACCEPT,
OPT-036,options.constraint.max_visit_lateness,businessRules,2,kept,,Lateness within tolerance is feasible and surfaces as steps[].late_by and summary.total_visit_lateness; lateness beyond tolerance is infeasible (C2).,Lateness within tolerance is feasible and surfaces as steps[].late_by and summary.total_visit_lateness; lateness beyond tolerance is infeasible (C2).,Existing enrichment,ACCEPT,
OPT-037,options.constraint.max_visit_lateness,businessRules,3,new,,,"max_visit_lateness defines: This is a soft constraint for permissible delay, in seconds, to complete a job or shipment after its time window is over. If a job or shipment’s lateness exceeds this value, it will be considered a…",Analytical business logic extraction,ACCEPT,
OPT-038,options.constraint.max_visit_lateness,businessRules,4,new,,,"Must stay consistent with: jobs.max_visit_lateness, options.constraint.visit_lateness_penalty. Changes here may require validation of those fields.",Analytical business logic extraction,ACCEPT,
OPT-039,options.constraint.max_visit_lateness,businessRules,5,new,,,Rule: Shipments: pickup always occurs before delivery on the route.,Analytical business logic extraction,ACCEPT,
OPT-040,options.constraint.max_visit_lateness,businessRules,6,new,,,This is a soft constraint. Violations are penalized but don't make solutions infeasible.,Analytical business logic extraction,ACCEPT,
OPT-041,options.constraint.max_visit_lateness,businessRules,7,new,,,Numeric field; verify sign (positive/negative) and unit from spec.,Analytical business logic extraction,ACCEPT,
OPT-042,options.constraint.max_visit_lateness,businessRules,8,new,,,Optional field. Omitting uses solver's default behavior (no penalty).,Analytical business logic extraction,ACCEPT,
OPT-043,options.constraint.max_visit_lateness,testingGuidance,1,kept,Positive,"Positive: a global tolerance (e.g. 600s) lets a slightly-late arrival still be served, surfacing late_by within tolerance (C2).","Positive: a global tolerance (e.g. 600s) lets a slightly-late arrival still be served, surfacing late_by within tolerance (C2).",Existing enrichment,ACCEPT,
OPT-044,options.constraint.max_visit_lateness,testingGuidance,2,kept,Positive,Positive: zero tolerance (0) with on-time arrival is served with no lateness (C2).,Positive: zero tolerance (0) with on-time arrival is served with no lateness (C2).,Existing enrichment,ACCEPT,
OPT-045,options.constraint.max_visit_lateness,testingGuidance,3,kept,Boundary,Boundary: arrival exactly at window-end + max_visit_lateness is accepted; beyond it is infeasible (C2).,Boundary: arrival exactly at window-end + max_visit_lateness is accepted; beyond it is infeasible (C2).,Existing enrichment,ACCEPT,
OPT-046,options.constraint.max_visit_lateness,testingGuidance,4,kept,Negative-infeasible,Negative-infeasible: a window unreachable even within the tolerance -> task unassigned (time-window reason) (C2 example 2).,Negative-infeasible: a window unreachable even within the tolerance -> task unassigned (time-window reason) (C2 example 2).,Existing enrichment,ACCEPT,
OPT-047,options.constraint.max_visit_lateness,testingGuidance,5,kept,Interaction,Interaction: a job carrying its own max_visit_lateness overrides this global value (C2).,Interaction: a job carrying its own max_visit_lateness overrides this global value (C2).,Existing enrichment,ACCEPT,
OPT-048,options.constraint.max_visit_lateness,testingGuidance,6,new,Boundary,,Boundary: zero value (0),Analytical spec deep-dive,ACCEPT,
OPT-049,options.constraint.max_visit_lateness,testingGuidance,7,new,Boundary,,Boundary: negative value (-1),Analytical spec deep-dive,ACCEPT,
OPT-050,options.constraint.max_visit_lateness,testingGuidance,8,new,Boundary,,Boundary: very large value,Analytical spec deep-dive,ACCEPT,
OPT-051,options.constraint.max_visit_lateness,testingGuidance,9,new,Positive,,Positive: omit optional field max_visit_lateness,Analytical spec deep-dive,ACCEPT,
OPT-052,options.constraint.max_visit_lateness,testingGuidance,10,new,Interaction,,"Interaction: Infeasible: job window [09:00,09:30], max_visit_lateness 0, nearest vehicle arrives 09:45 -> unassigned.",Analytical spec deep-dive,ACCEPT,
OPT-053,options.constraint.max_visit_lateness,testingGuidance,11,new,Interaction,,Interaction: Interaction: a long wait for a late window pushes route end past the shift -> unassigned (couples with max-duration-distance-cap).,Analytical spec deep-dive,ACCEPT,
OPT-054,options.constraint.max_visit_lateness,testingGuidance,12,new,Interaction,,"Interaction: Shipment: delivery window [09:00,09:30], max_visit_lateness 15, nearest vehicle arrives 09:40 -> accepted within lateness.",Analytical spec deep-dive,ACCEPT,
OPT-055,options.constraint.max_visit_lateness,testingGuidance,13,new,Interaction,,"Interaction: Break: break time_windows [12:00,13:00], vehicle arrives 12:30 -> break scheduled at 12:30.",Analytical spec deep-dive,ACCEPT,
OPT-056,options.constraint.sequence_order_penalty,summary,1,kept,,Penalty when a task is not fulfilled at its sequence_order.,Penalty when a task is not fulfilled at its sequence_order.,Spec: Specify the penalty to be applied if a task is not fulfilled at its requested jobs.sequence_order. This penalty is ineffective if jobs.sequence_order is not provided. The default value is 10000.,ACCEPT,
OPT-057,options.constraint.sequence_order_penalty,range,1,kept,,Integer. Default 10000.,Integer. Default 10000.,Spec: Specify the penalty to be applied if a task is not fulfilled at its requested jobs.sequence_order. This penalty is ineffective if jobs.sequence_order is not provided. The default value is 10000.,ACCEPT,
OPT-058,options.constraint.sequence_order_penalty,businessRules,1,kept,,Soft enforcement of sequence_order; relations outrank and disable this.,Soft enforcement of sequence_order; relations outrank and disable this.,Existing enrichment,ACCEPT,
OPT-059,options.constraint.sequence_order_penalty,businessRules,2,new,,,sequence_order_penalty defines: Specify the penalty to be applied if a task is not fulfilled at its requested jobs.sequence_order. This penalty is ineffective if jobs.sequence_order is not provided. The default value is 10000.,Analytical business logic extraction,ACCEPT,
OPT-060,options.constraint.sequence_order_penalty,businessRules,3,new,,,Must stay consistent with: jobs.sequence_order. Changes here may require validation of those fields.,Analytical business logic extraction,ACCEPT,
OPT-061,options.constraint.sequence_order_penalty,businessRules,4,new,,,This is a soft constraint. Violations are penalized but don't make solutions infeasible.,Analytical business logic extraction,ACCEPT,
OPT-062,options.constraint.sequence_order_penalty,businessRules,5,new,,,Zero means no penalty/cost; larger values increase incentive to avoid violation.,Analytical business logic extraction,ACCEPT,
OPT-063,options.constraint.sequence_order_penalty,businessRules,6,new,,,Optional field. Omitting uses solver's default behavior (no penalty).,Analytical business logic extraction,ACCEPT,
OPT-064,options.constraint.sequence_order_penalty,testingGuidance,1,kept,,Behavioral: lower to let the solver reorder for efficiency.,Behavioral: lower to let the solver reorder for efficiency.,Existing enrichment,ACCEPT,
OPT-065,options.constraint.sequence_order_penalty,testingGuidance,2,new,Boundary,,Boundary: zero value (0),Analytical spec deep-dive,ACCEPT,
OPT-066,options.constraint.sequence_order_penalty,testingGuidance,3,new,Boundary,,Boundary: negative value (-1),Analytical spec deep-dive,ACCEPT,
OPT-067,options.constraint.sequence_order_penalty,testingGuidance,4,new,Boundary,,Boundary: very large value,Analytical spec deep-dive,ACCEPT,
OPT-068,options.constraint.sequence_order_penalty,testingGuidance,5,new,Positive,,Positive: omit optional field sequence_order_penalty,Analytical spec deep-dive,ACCEPT,
OPT-069,options.constraint.vehicle_overtime_penalty,summary,1,kept,,Penalty per unit of vehicle overtime.,Penalty per unit of vehicle overtime.,Spec: This parameter defines the penalty applied for every unit of time a vehicle operates beyond its scheduled time window. A higher penalty encourages the optimizer to minimize or eliminate overtime al…,ACCEPT,
OPT-070,options.constraint.vehicle_overtime_penalty,range,1,kept,,Integer. Default 200.,Integer. Default 200.,Spec: This parameter defines the penalty applied for every unit of time a vehicle operates beyond its scheduled time window. A higher penalty encourages the optimizer to minimize or eliminate overtime al…,ACCEPT,
OPT-071,options.constraint.vehicle_overtime_penalty,businessRules,1,kept,,Scales the cost of exceeding the shift; higher discourages overtime.,Scales the cost of exceeding the shift; higher discourages overtime.,Existing enrichment,ACCEPT,
OPT-072,options.constraint.vehicle_overtime_penalty,businessRules,2,new,,,vehicle_overtime_penalty defines: This parameter defines the penalty applied for every unit of time a vehicle operates beyond its scheduled time window. A higher penalty encourages the optimizer to minimize or eliminate overtime al…,Analytical business logic extraction,ACCEPT,
OPT-073,options.constraint.vehicle_overtime_penalty,businessRules,3,new,,,Must stay consistent with: options.constraint.max_vehicle_overtime. Changes here may require validation of those fields.,Analytical business logic extraction,ACCEPT,
OPT-074,options.constraint.vehicle_overtime_penalty,businessRules,4,new,,,Rule: Vehicle's allowed_zones must include the job/shipment's zones.,Analytical business logic extraction,ACCEPT,
OPT-075,options.constraint.vehicle_overtime_penalty,businessRules,5,new,,,This is a soft constraint. Violations are penalized but don't make solutions infeasible.,Analytical business logic extraction,ACCEPT,
OPT-076,options.constraint.vehicle_overtime_penalty,businessRules,6,new,,,Zero means no penalty/cost; larger values increase incentive to avoid violation.,Analytical business logic extraction,ACCEPT,
OPT-077,options.constraint.vehicle_overtime_penalty,businessRules,7,new,,,Optional field. Omitting uses solver's default behavior (no penalty).,Analytical business logic extraction,ACCEPT,
OPT-078,options.constraint.vehicle_overtime_penalty,testingGuidance,1,kept,,Behavioral: high penalty keeps routes within the shift.,Behavioral: high penalty keeps routes within the shift.,Existing enrichment,ACCEPT,
OPT-079,options.constraint.vehicle_overtime_penalty,testingGuidance,2,new,Boundary,,Boundary: zero value (0),Analytical spec deep-dive,ACCEPT,
OPT-080,options.constraint.vehicle_overtime_penalty,testingGuidance,3,new,Boundary,,Boundary: negative value (-1),Analytical spec deep-dive,ACCEPT,
OPT-081,options.constraint.vehicle_overtime_penalty,testingGuidance,4,new,Boundary,,Boundary: very large value,Analytical spec deep-dive,ACCEPT,
OPT-082,options.constraint.vehicle_overtime_penalty,testingGuidance,5,new,Positive,,Positive: omit optional field vehicle_overtime_penalty,Analytical spec deep-dive,ACCEPT,
OPT-083,options.constraint.vehicle_overtime_penalty,testingGuidance,6,new,Interaction,,"Interaction: Positive: all jobs feasible under hard constraints + balancing options enabled -> all jobs still assigned (assert assignment count only, never the specific route distribution).",Analytical spec deep-dive,ACCEPT,
OPT-084,options.constraint.vehicle_overtime_penalty,testingGuidance,7,new,Interaction,,Interaction: Negative-infeasible: a job infeasible under a hard constraint (e.g. impossible time window) stays unassigned regardless of balancing weights (assert unassigned reason).,Analytical spec deep-dive,ACCEPT,
OPT-085,options.constraint.visit_lateness_penalty,summary,1,kept,,Penalty per unit of lateness within tolerance.,Penalty per unit of lateness within tolerance.,Spec: Specify the penalty to be applied for every unit of time by which a vehicle is late for a scheduled task. A higher penalty discourages any lateness for a scheduled task. The default value is 10. Us…,ACCEPT,
OPT-086,options.constraint.visit_lateness_penalty,range,1,kept,,Integer. Default 10.,Integer. Default 10.,Spec: Specify the penalty to be applied for every unit of time by which a vehicle is late for a scheduled task. A higher penalty discourages any lateness for a scheduled task. The default value is 10. Us…,ACCEPT,
OPT-087,options.constraint.visit_lateness_penalty,businessRules,1,kept,,Higher discourages late visits without forbidding them.,Higher discourages late visits without forbidding them.,Existing enrichment,ACCEPT,
OPT-088,options.constraint.visit_lateness_penalty,businessRules,2,new,,,visit_lateness_penalty defines: Specify the penalty to be applied for every unit of time by which a vehicle is late for a scheduled task. A higher penalty discourages any lateness for a scheduled task. The default value is 10. Us…,Analytical business logic extraction,ACCEPT,
OPT-089,options.constraint.visit_lateness_penalty,businessRules,3,new,,,Must stay consistent with: options.constraint.max_visit_lateness. Changes here may require validation of those fields.,Analytical business logic extraction,ACCEPT,
OPT-090,options.constraint.visit_lateness_penalty,businessRules,4,new,,,Rule: Vehicle's allowed_zones must include the job/shipment's zones.,Analytical business logic extraction,ACCEPT,
OPT-091,options.constraint.visit_lateness_penalty,businessRules,5,new,,,This is a soft constraint. Violations are penalized but don't make solutions infeasible.,Analytical business logic extraction,ACCEPT,
OPT-092,options.constraint.visit_lateness_penalty,businessRules,6,new,,,Zero means no penalty/cost; larger values increase incentive to avoid violation.,Analytical business logic extraction,ACCEPT,
OPT-093,options.constraint.visit_lateness_penalty,businessRules,7,new,,,Optional field. Omitting uses solver's default behavior (no penalty).,Analytical business logic extraction,ACCEPT,
OPT-094,options.constraint.visit_lateness_penalty,testingGuidance,1,kept,,Behavioral: raise to prefer on-time routes.,Behavioral: raise to prefer on-time routes.,Existing enrichment,ACCEPT,
OPT-095,options.constraint.visit_lateness_penalty,testingGuidance,2,new,Boundary,,Boundary: zero value (0),Analytical spec deep-dive,ACCEPT,
OPT-096,options.constraint.visit_lateness_penalty,testingGuidance,3,new,Boundary,,Boundary: negative value (-1),Analytical spec deep-dive,ACCEPT,
OPT-097,options.constraint.visit_lateness_penalty,testingGuidance,4,new,Boundary,,Boundary: very large value,Analytical spec deep-dive,ACCEPT,
OPT-098,options.constraint.visit_lateness_penalty,testingGuidance,5,new,Positive,,Positive: omit optional field visit_lateness_penalty,Analytical spec deep-dive,ACCEPT,
OPT-099,options.constraint.visit_lateness_penalty,testingGuidance,6,new,Interaction,,"Interaction: Positive: all jobs feasible under hard constraints + balancing options enabled -> all jobs still assigned (assert assignment count only, never the specific route distribution).",Analytical spec deep-dive,ACCEPT,
OPT-100,options.constraint.visit_lateness_penalty,testingGuidance,7,new,Interaction,,Interaction: Negative-infeasible: a job infeasible under a hard constraint (e.g. impossible time window) stays unassigned regardless of balancing weights (assert unassigned reason).,Analytical spec deep-dive,ACCEPT,
OPT-101,options.grouping,summary,1,kept,,Task/route grouping: cluster nearby tasks or bias routes by zone/proximity.,Task/route grouping: cluster nearby tasks or bias routes by zone/proximity.,Spec: Set grouping rules for the tasks and routes. * Use order_grouping to group nearby tasks * Use route_grouping to control route sequencing.,ACCEPT,
OPT-102,options.grouping,range,1,kept,,"Object: { order_grouping?, route_grouping?, proximity_factor? }.","Object: { order_grouping?, route_grouping?, proximity_factor? }.",Spec: Set grouping rules for the tasks and routes. * Use order_grouping to group nearby tasks * Use route_grouping to control route sequencing.,ACCEPT,
OPT-103,options.grouping,businessRules,1,new,,,grouping defines: Set grouping rules for the tasks and routes. * Use order_grouping to group nearby tasks * Use route_grouping to control route sequencing.,Analytical business logic extraction,ACCEPT,
OPT-104,options.grouping,businessRules,2,new,,,"Must stay consistent with: options.grouping.order_grouping, options.grouping.route_grouping, options.grouping.proximity_factor. Changes here may require validation of those fields.",Analytical business logic extraction,ACCEPT,
OPT-105,options.grouping,businessRules,3,new,,,Optional field. Omitting uses solver's default behavior (no penalty).,Analytical business logic extraction,ACCEPT,
OPT-106,options.grouping,testingGuidance,1,kept,Positive,Positive: proximity_factor 0.5 for tighter routes.,Positive: proximity_factor 0.5 for tighter routes.,Existing enrichment,ACCEPT,
OPT-107,options.grouping,testingGuidance,2,new,Positive,,Positive: omit optional field grouping,Analytical spec deep-dive,ACCEPT,
OPT-108,options.grouping.order_grouping.grouping_diameter,summary,1,kept,,Radius (meters) within which tasks are grouped into one stop.,Radius (meters) within which tasks are grouped into one stop.,"Spec: Specify the straight line distance, in meters, which will be used to identify the tasks that should be grouped together. The default value is null.",ACCEPT,
OPT-109,options.grouping.order_grouping.grouping_diameter,range,1,kept,,"Number, meters. Default null (no grouping).","Number, meters. Default null (no grouping).","Spec: Specify the straight line distance, in meters, which will be used to identify the tasks that should be grouped together. The default value is null.",ACCEPT,
OPT-110,options.grouping.order_grouping.grouping_diameter,constraints,1,kept,,Non-negative number (meters).,Non-negative number (meters).,Existing enrichment,ACCEPT,
OPT-111,options.grouping.order_grouping.grouping_diameter,businessRules,1,new,,,"grouping_diameter defines: Specify the straight line distance, in meters, which will be used to identify the tasks that should be grouped together. The default value is null.",Analytical business logic extraction,ACCEPT,
OPT-112,options.grouping.order_grouping.grouping_diameter,businessRules,2,new,,,Numeric field; verify sign (positive/negative) and unit from spec.,Analytical business logic extraction,ACCEPT,
OPT-113,options.grouping.order_grouping.grouping_diameter,businessRules,3,new,,,Optional field. Omitting uses solver's default behavior (no penalty).,Analytical business logic extraction,ACCEPT,
OPT-114,options.grouping.order_grouping.grouping_diameter,testingGuidance,1,kept,Positive,Positive: grouping_diameter 50 merges same-building tasks.,Positive: grouping_diameter 50 merges same-building tasks.,Existing enrichment,ACCEPT,
OPT-115,options.grouping.order_grouping.grouping_diameter,testingGuidance,2,kept,Boundary,Boundary: null/absent -> no grouping.,Boundary: null/absent -> no grouping.,Existing enrichment,ACCEPT,
OPT-116,options.grouping.order_grouping.grouping_diameter,testingGuidance,3,new,Boundary,,Boundary: zero value (0),Analytical spec deep-dive,ACCEPT,
OPT-117,options.grouping.order_grouping.grouping_diameter,testingGuidance,4,new,Boundary,,Boundary: negative value (-1),Analytical spec deep-dive,ACCEPT,
OPT-118,options.grouping.order_grouping.grouping_diameter,testingGuidance,5,new,Boundary,,Boundary: very large value,Analytical spec deep-dive,ACCEPT,
OPT-119,options.grouping.order_grouping.grouping_diameter,testingGuidance,6,new,Positive,,Positive: omit optional field grouping_diameter,Analytical spec deep-dive,ACCEPT,
OPT-120,options.grouping.order_grouping,summary,1,kept,,Merge nearby tasks into a single stop.,Merge nearby tasks into a single stop.,Spec: Specify the criteria for grouping nearby tasks. The grouped tasks will be treated as one stop by the optimizer and no cost would be incurred when driver travels to different tasks within a group. U…,ACCEPT,
OPT-121,options.grouping.order_grouping,range,1,kept,,Object: { grouping_diameter }.,Object: { grouping_diameter }.,Spec: Specify the criteria for grouping nearby tasks. The grouped tasks will be treated as one stop by the optimizer and no cost would be incurred when driver travels to different tasks within a group. U…,ACCEPT,
OPT-122,options.grouping.order_grouping,businessRules,1,new,,,order_grouping defines: Specify the criteria for grouping nearby tasks. The grouped tasks will be treated as one stop by the optimizer and no cost would be incurred when driver travels to different tasks within a group. U…,Analytical business logic extraction,ACCEPT,
OPT-123,options.grouping.order_grouping,businessRules,2,new,,,Must stay consistent with: options.grouping.order_grouping.grouping_diameter. Changes here may require validation of those fields.,Analytical business logic extraction,ACCEPT,
OPT-124,options.grouping.order_grouping,businessRules,3,new,,,Optional field. Omitting uses solver's default behavior (no penalty).,Analytical business logic extraction,ACCEPT,
OPT-125,options.grouping.order_grouping,testingGuidance,1,kept,Positive,Positive: group tasks within a small diameter into one stop.,Positive: group tasks within a small diameter into one stop.,Existing enrichment,ACCEPT,
OPT-126,options.grouping.order_grouping,testingGuidance,2,new,Positive,,Positive: omit optional field order_grouping,Analytical spec deep-dive,ACCEPT,
OPT-127,options.grouping.proximity_factor,summary,1,kept,,"Bias toward tighter neighbor distances; higher = more, tighter routes.","Bias toward tighter neighbor distances; higher = more, tighter routes.","Spec: When specified, routes are built taking into account the distance to the nearest tasks. A higher proximity factor helps build routes with closer distances between neighboring tasks, whereas a lower…",ACCEPT,
OPT-128,options.grouping.proximity_factor,range,1,kept,,"Number in [0,10] (recommend [0,1]). Default 0.","Number in [0,10] (recommend [0,1]). Default 0.","Spec: When specified, routes are built taking into account the distance to the nearest tasks. A higher proximity factor helps build routes with closer distances between neighboring tasks, whereas a lower…",ACCEPT,
OPT-129,options.grouping.proximity_factor,constraints,1,kept,,"Range [0,10].","Range [0,10].",Existing enrichment,ACCEPT,
OPT-130,options.grouping.proximity_factor,businessRules,1,new,,,"proximity_factor defines: When specified, routes are built taking into account the distance to the nearest tasks. A higher proximity factor helps build routes with closer distances between neighboring tasks, whereas a lower…",Analytical business logic extraction,ACCEPT,
OPT-131,options.grouping.proximity_factor,businessRules,2,new,,,Numeric field; verify sign (positive/negative) and unit from spec.,Analytical business logic extraction,ACCEPT,
OPT-132,options.grouping.proximity_factor,businessRules,3,new,,,Optional field. Omitting uses solver's default behavior (no penalty).,Analytical business logic extraction,ACCEPT,
OPT-133,options.grouping.proximity_factor,validationRules,1,kept,,"proximity_factor outside [0,10] -> 400.","proximity_factor outside [0,10] -> 400.",Existing enrichment,ACCEPT,
OPT-134,options.grouping.proximity_factor,testingGuidance,1,kept,Boundary,Boundary: 0 (off) and 1 (recommended max); 11 -> 400.,Boundary: 0 (off) and 1 (recommended max); 11 -> 400.,Existing enrichment,ACCEPT,
OPT-135,options.grouping.proximity_factor,testingGuidance,2,new,Boundary,,Boundary: zero value (0),Analytical spec deep-dive,ACCEPT,
OPT-136,options.grouping.proximity_factor,testingGuidance,3,new,Boundary,,Boundary: negative value (-1),Analytical spec deep-dive,ACCEPT,
OPT-137,options.grouping.proximity_factor,testingGuidance,4,new,Boundary,,Boundary: very large value,Analytical spec deep-dive,ACCEPT,
OPT-138,options.grouping.proximity_factor,testingGuidance,5,new,Positive,,Positive: omit optional field proximity_factor,Analytical spec deep-dive,ACCEPT,
OPT-139,options.grouping.route_grouping,summary,1,kept,,Bias routes to respect zones (system or custom).,Bias routes to respect zones (system or custom).,"Spec: Specifies the criteria for preferring routes in a given zone over routes that are part of another zone. As a result, more often than not, the tasks falling in a zone will be fulfilled before tasks …",ACCEPT,
OPT-140,options.grouping.route_grouping,range,1,kept,,"Object: { zone_source, zone_ids?, zone_diameter?, penalty_factor? }.","Object: { zone_source, zone_ids?, zone_diameter?, penalty_factor? }.","Spec: Specifies the criteria for preferring routes in a given zone over routes that are part of another zone. As a result, more often than not, the tasks falling in a zone will be fulfilled before tasks …",ACCEPT,
OPT-141,options.grouping.route_grouping,constraints,1,kept,,zone_source=custom_definition requires zones[] to be defined.,zone_source=custom_definition requires zones[] to be defined.,Existing enrichment,ACCEPT,
OPT-142,options.grouping.route_grouping,businessRules,1,new,,,"route_grouping defines: Specifies the criteria for preferring routes in a given zone over routes that are part of another zone. As a result, more often than not, the tasks falling in a zone will be fulfilled before tasks …",Analytical business logic extraction,ACCEPT,
OPT-143,options.grouping.route_grouping,businessRules,2,new,,,"Must stay consistent with: options.grouping.route_grouping.zone_source, zones. Changes here may require validation of those fields.",Analytical business logic extraction,ACCEPT,
OPT-144,options.grouping.route_grouping,businessRules,3,new,,,Optional field. Omitting uses solver's default behavior (no penalty).,Analytical business logic extraction,ACCEPT,
OPT-145,options.grouping.route_grouping,testingGuidance,1,kept,Positive,Positive: route_grouping with system_generated zones.,Positive: route_grouping with system_generated zones.,Existing enrichment,ACCEPT,
OPT-146,options.grouping.route_grouping,testingGuidance,2,new,Positive,,Positive: omit optional field route_grouping,Analytical spec deep-dive,ACCEPT,
OPT-147,options.grouping.route_grouping.penalty_factor,summary,1,kept,,Penalty weight for crossing zone boundaries.,Penalty weight for crossing zone boundaries.,"Spec: Specify a non-negative value which indicates the penalty of crossing zones on the same route. Default penalty value is 0. A higher value, for example 30.0, will place a higher penalty on zone viola…",ACCEPT,
OPT-148,options.grouping.route_grouping.penalty_factor,range,1,kept,,Number. Default 0.,Number. Default 0.,"Spec: Specify a non-negative value which indicates the penalty of crossing zones on the same route. Default penalty value is 0. A higher value, for example 30.0, will place a higher penalty on zone viola…",ACCEPT,
OPT-149,options.grouping.route_grouping.penalty_factor,businessRules,1,new,,,"penalty_factor defines: Specify a non-negative value which indicates the penalty of crossing zones on the same route. Default penalty value is 0. A higher value, for example 30.0, will place a higher penalty on zone viola…",Analytical business logic extraction,ACCEPT,
OPT-150,options.grouping.route_grouping.penalty_factor,businessRules,2,new,,,This is a soft constraint. Violations are penalized but don't make solutions infeasible.,Analytical business logic extraction,ACCEPT,
OPT-151,options.grouping.route_grouping.penalty_factor,businessRules,3,new,,,Zero means no penalty/cost; larger values increase incentive to avoid violation.,Analytical business logic extraction,ACCEPT,
OPT-152,options.grouping.route_grouping.penalty_factor,businessRules,4,new,,,Optional field. Omitting uses solver's default behavior (no penalty).,Analytical business logic extraction,ACCEPT,
OPT-153,options.grouping.route_grouping.penalty_factor,testingGuidance,1,kept,,Behavioral: higher penalty_factor keeps routes inside their zone.,Behavioral: higher penalty_factor keeps routes inside their zone.,Existing enrichment,ACCEPT,
OPT-154,options.grouping.route_grouping.penalty_factor,testingGuidance,2,new,Boundary,,Boundary: zero value (0),Analytical spec deep-dive,ACCEPT,
OPT-155,options.grouping.route_grouping.penalty_factor,testingGuidance,3,new,Boundary,,Boundary: negative value (-1),Analytical spec deep-dive,ACCEPT,
OPT-156,options.grouping.route_grouping.penalty_factor,testingGuidance,4,new,Boundary,,Boundary: very large value,Analytical spec deep-dive,ACCEPT,
OPT-157,options.grouping.route_grouping.penalty_factor,testingGuidance,5,new,Positive,,Positive: omit optional field penalty_factor,Analytical spec deep-dive,ACCEPT,
OPT-158,options.grouping.route_grouping.zone_diameter,summary,1,kept,,Diameter (meters) for system-generated zones.,Diameter (meters) for system-generated zones.,"Spec: Specify the diameter of the zone, routes within which will be prioritized before routes falling in other zones. Please note * zone_diameter is the straight line distance, in meters. * It is effecti…",ACCEPT,
OPT-159,options.grouping.route_grouping.zone_diameter,range,1,kept,,"Number, meters. Default 1000.","Number, meters. Default 1000.","Spec: Specify the diameter of the zone, routes within which will be prioritized before routes falling in other zones. Please note * zone_diameter is the straight line distance, in meters. * It is effecti…",ACCEPT,
OPT-160,options.grouping.route_grouping.zone_diameter,constraints,1,kept,,Non-negative number (meters).,Non-negative number (meters).,Existing enrichment,ACCEPT,
OPT-161,options.grouping.route_grouping.zone_diameter,businessRules,1,new,,,"zone_diameter defines: Specify the diameter of the zone, routes within which will be prioritized before routes falling in other zones. Please note * zone_diameter is the straight line distance, in meters. * It is effecti…",Analytical business logic extraction,ACCEPT,
OPT-162,options.grouping.route_grouping.zone_diameter,businessRules,2,new,,,Numeric field; verify sign (positive/negative) and unit from spec.,Analytical business logic extraction,ACCEPT,
OPT-163,options.grouping.route_grouping.zone_diameter,businessRules,3,new,,,Optional field. Omitting uses solver's default behavior (no penalty).,Analytical business logic extraction,ACCEPT,
OPT-164,options.grouping.route_grouping.zone_diameter,businessRules,4,new,,,Vehicle and job zones must intersect. Vehicle without zone restrictions can serve any zone.,Analytical business logic extraction,ACCEPT,
OPT-165,options.grouping.route_grouping.zone_diameter,testingGuidance,1,kept,Boundary,"Boundary: default 1000m; smaller -> more, tighter zones.","Boundary: default 1000m; smaller -> more, tighter zones.",Existing enrichment,ACCEPT,
OPT-166,options.grouping.route_grouping.zone_diameter,testingGuidance,2,new,Boundary,,Boundary: zero value (0),Analytical spec deep-dive,ACCEPT,
OPT-167,options.grouping.route_grouping.zone_diameter,testingGuidance,3,new,Boundary,,Boundary: negative value (-1),Analytical spec deep-dive,ACCEPT,
OPT-168,options.grouping.route_grouping.zone_diameter,testingGuidance,4,new,Boundary,,Boundary: very large value,Analytical spec deep-dive,ACCEPT,
OPT-169,options.grouping.route_grouping.zone_diameter,testingGuidance,5,new,Positive,,Positive: omit optional field zone_diameter,Analytical spec deep-dive,ACCEPT,
OPT-170,options.grouping.route_grouping.zone_ids,summary,1,kept,,Restrict route grouping to specific zone IDs.,Restrict route grouping to specific zone IDs.,"Spec: An array of IDs associated with custom defined zones to be used for route grouping. Please note: * This parameter is effective only when ""zone_source"": ""custom_definition"" * Use the zones attribute…",ACCEPT,
OPT-171,options.grouping.route_grouping.zone_ids,range,1,kept,,Array of integer zone IDs.,Array of integer zone IDs.,"Spec: An array of IDs associated with custom defined zones to be used for route grouping. Please note: * This parameter is effective only when ""zone_source"": ""custom_definition"" * Use the zones attribute…",ACCEPT,
OPT-172,options.grouping.route_grouping.zone_ids,businessRules,1,new,,,"zone_ids defines: An array of IDs associated with custom defined zones to be used for route grouping. Please note: * This parameter is effective only when ""zone_source"": ""custom_definition"" * Use the zones attribute…",Analytical business logic extraction,ACCEPT,
OPT-173,options.grouping.route_grouping.zone_ids,businessRules,2,new,,,Each element in zone_ids must be valid and consistent with related fields.,Analytical business logic extraction,ACCEPT,
OPT-174,options.grouping.route_grouping.zone_ids,businessRules,3,new,,,Must stay consistent with: zones. Changes here may require validation of those fields.,Analytical business logic extraction,ACCEPT,
OPT-175,options.grouping.route_grouping.zone_ids,businessRules,4,new,,,Optional field. Omitting uses solver's default behavior (no penalty).,Analytical business logic extraction,ACCEPT,
OPT-176,options.grouping.route_grouping.zone_ids,businessRules,5,new,,,Vehicle and job zones must intersect. Vehicle without zone restrictions can serve any zone.,Analytical business logic extraction,ACCEPT,
OPT-177,options.grouping.route_grouping.zone_ids,testingGuidance,1,kept,Positive,"Positive: limit grouping to zones [1,2].","Positive: limit grouping to zones [1,2].",Existing enrichment,ACCEPT,
OPT-178,options.grouping.route_grouping.zone_ids,testingGuidance,2,new,Positive,,Positive: omit optional field zone_ids,Analytical spec deep-dive,ACCEPT,
OPT-179,options.grouping.route_grouping.zone_source,summary,1,kept,,Where zone definitions come from for route grouping.,Where zone definitions come from for route grouping.,Spec: Specify the source for creating boundaries of the routing zones. The default value is “system\_generated”. * system\_generated - Routing zone boundaries are created automatically by the optimizer b…,ACCEPT,
OPT-180,options.grouping.route_grouping.zone_source,range,1,kept,,Enum: system_generated (default) | custom_definition (requires zones[]).,Enum: system_generated (default) | custom_definition (requires zones[]).,Spec: Specify the source for creating boundaries of the routing zones. The default value is “system\_generated”. * system\_generated - Routing zone boundaries are created automatically by the optimizer b…,ACCEPT,
OPT-181,options.grouping.route_grouping.zone_source,constraints,1,kept,,custom_definition requires a zones[] array.,custom_definition requires a zones[] array.,Existing enrichment,ACCEPT,
OPT-182,options.grouping.route_grouping.zone_source,businessRules,1,new,,,zone_source defines: Specify the source for creating boundaries of the routing zones. The default value is “system\_generated”. * system\_generated - Routing zone boundaries are created automatically by the optimizer b…,Analytical business logic extraction,ACCEPT,
OPT-183,options.grouping.route_grouping.zone_source,businessRules,2,new,,,"Valid options: system_generated, custom_definition. Each affects solver behavior differently.",Analytical business logic extraction,ACCEPT,
OPT-184,options.grouping.route_grouping.zone_source,businessRules,3,new,,,Must stay consistent with: zones. Changes here may require validation of those fields.,Analytical business logic extraction,ACCEPT,
OPT-185,options.grouping.route_grouping.zone_source,businessRules,4,new,,,Optional field. Omitting uses solver's default behavior (no penalty).,Analytical business logic extraction,ACCEPT,
OPT-186,options.grouping.route_grouping.zone_source,businessRules,5,new,,,Vehicle and job zones must intersect. Vehicle without zone restrictions can serve any zone.,Analytical business logic extraction,ACCEPT,
OPT-187,options.grouping.route_grouping.zone_source,validationRules,1,kept,,zone_source=custom_definition without zones -> 400.,zone_source=custom_definition without zones -> 400.,Existing enrichment,ACCEPT,
OPT-188,options.grouping.route_grouping.zone_source,validationRules,2,kept,,A value outside the enum -> 400.,A value outside the enum -> 400.,Existing enrichment,ACCEPT,
OPT-189,options.grouping.route_grouping.zone_source,testingGuidance,1,kept,Positive,Positive: system_generated (no zones needed).,Positive: system_generated (no zones needed).,Existing enrichment,ACCEPT,
OPT-190,options.grouping.route_grouping.zone_source,testingGuidance,2,kept,,Negative: custom_definition without zones -> 400.,Negative: custom_definition without zones -> 400.,Existing enrichment,ACCEPT,
OPT-191,options.grouping.route_grouping.zone_source,testingGuidance,3,new,Positive,,"Positive: test with zone_source set to ""system_generated""",Analytical spec deep-dive,ACCEPT,
OPT-192,options.grouping.route_grouping.zone_source,testingGuidance,4,new,Positive,,"Positive: test with zone_source set to ""custom_definition""",Analytical spec deep-dive,ACCEPT,
OPT-193,options.grouping.route_grouping.zone_source,testingGuidance,5,new,Positive,,Positive: omit optional field zone_source,Analytical spec deep-dive,ACCEPT,
OPT-194,options,summary,1,kept,,"Solver configuration container: objective, constraint, routing, grouping, webhook. All optional.","Solver configuration container: objective, constraint, routing, grouping, webhook. All optional.",Spec: It represents the set of options that can be used to configure optimization algorithms so that the solver provides a solution that meets the desired business objectives.,ACCEPT,
OPT-195,options,range,1,kept,,Object with optional sub-objects. Omitting options uses solver defaults.,Object with optional sub-objects. Omitting options uses solver defaults.,Spec: It represents the set of options that can be used to configure optimization algorithms so that the solver provides a solution that meets the desired business objectives.,ACCEPT,
OPT-196,options,businessRules,1,new,,,options defines: It represents the set of options that can be used to configure optimization algorithms so that the solver provides a solution that meets the desired business objectives.,Analytical business logic extraction,ACCEPT,
OPT-197,options,businessRules,2,new,,,"Must stay consistent with: options.objective, options.constraint, options.routing. Changes here may require validation of those fields.",Analytical business logic extraction,ACCEPT,
OPT-198,options,businessRules,3,new,,,Optional field. Omitting uses solver's default behavior (no penalty).,Analytical business logic extraction,ACCEPT,
OPT-199,options,testingGuidance,1,kept,Positive,"Positive: omit options entirely -> defaults (travel_cost=duration, mode=car).","Positive: omit options entirely -> defaults (travel_cost=duration, mode=car).",Existing enrichment,ACCEPT,
OPT-200,options,testingGuidance,2,new,Positive,,Positive: omit optional field options,Analytical spec deep-dive,ACCEPT,
OPT-201,options.objective.allow_early_arrival,summary,1,kept,,Whether the driver waits AT the task (true) or at the previous stop and departs just-in-time (false).,Whether the driver waits AT the task (true) or at the previous stop and departs just-in-time (false).,Spec: Choose where the optimizer should schedule the driver’s wait time. When set to true the driver waits at the location of the task until its time window allows him to start the task. When set to fals…,ACCEPT,
OPT-202,options.objective.allow_early_arrival,range,1,kept,,Boolean. Default true.,Boolean. Default true.,Spec: Choose where the optimizer should schedule the driver’s wait time. When set to true the driver waits at the location of the task until its time window allows him to start the task. When set to fals…,ACCEPT,
OPT-203,options.objective.allow_early_arrival,businessRules,1,kept,,"Affects where waiting time accrues, not feasibility; interacts with time windows.","Affects where waiting time accrues, not feasibility; interacts with time windows.",Existing enrichment,ACCEPT,
OPT-204,options.objective.allow_early_arrival,businessRules,2,new,,,allow_early_arrival defines: Choose where the optimizer should schedule the driver’s wait time. When set to true the driver waits at the location of the task until its time window allows him to start the task. When set to fals…,Analytical business logic extraction,ACCEPT,
OPT-205,options.objective.allow_early_arrival,businessRules,3,new,,,Must stay consistent with: jobs.time_windows. Changes here may require validation of those fields.,Analytical business logic extraction,ACCEPT,
OPT-206,options.objective.allow_early_arrival,businessRules,4,new,,,Optional field. Omitting uses solver's default behavior (no penalty).,Analytical business logic extraction,ACCEPT,
OPT-207,options.objective.allow_early_arrival,testingGuidance,1,kept,Positive,Positive: true — driver waits at the task location.,Positive: true — driver waits at the task location.,Existing enrichment,ACCEPT,
OPT-208,options.objective.allow_early_arrival,testingGuidance,2,kept,,"Behavioral: false — waits at previous stop, arrives just in time.","Behavioral: false — waits at previous stop, arrives just in time.",Existing enrichment,ACCEPT,
OPT-209,options.objective.allow_early_arrival,testingGuidance,3,new,Positive,,Positive: omit optional field allow_early_arrival,Analytical spec deep-dive,ACCEPT,
OPT-210,options.objective.custom,summary,1,kept,,"Custom objective: a { type, value } pair (both required when custom is used).","Custom objective: a { type, value } pair (both required when custom is used).",Spec: The custom parameter is used to define special objectives apart from the simpler travel cost minimization objectives.,ACCEPT,
OPT-211,options.objective.custom,range,1,kept,,"Object: { type (required), value (required) }.","Object: { type (required), value (required) }.",Spec: The custom parameter is used to define special objectives apart from the simpler travel cost minimization objectives.,ACCEPT,
OPT-212,options.objective.custom,constraints,1,kept,,Both type and value required when custom is present.,Both type and value required when custom is present.,Existing enrichment,ACCEPT,
OPT-213,options.objective.custom,constraints,2,kept,,value domain depends on type (see custom.value).,value domain depends on type (see custom.value).,Existing enrichment,ACCEPT,
OPT-214,options.objective.custom,businessRules,1,new,,,custom defines: The custom parameter is used to define special objectives apart from the simpler travel cost minimization objectives.,Analytical business logic extraction,ACCEPT,
OPT-215,options.objective.custom,businessRules,2,new,,,"Must stay consistent with: options.objective.custom.type, options.objective.custom.value. Changes here may require validation of those fields.",Analytical business logic extraction,ACCEPT,
OPT-216,options.objective.custom,businessRules,3,new,,,Required field. Missing causes HTTP 400 validation error.,Analytical business logic extraction,ACCEPT,
OPT-217,options.objective.custom,validationRules,1,kept,,custom with only type or only value -> 400.,custom with only type or only value -> 400.,Existing enrichment,ACCEPT,
OPT-218,options.objective.custom,testingGuidance,1,kept,Positive,"Positive: {type:min, value:vehicles} minimizes vehicle count.","Positive: {type:min, value:vehicles} minimizes vehicle count.",Existing enrichment,ACCEPT,
OPT-219,options.objective.custom,testingGuidance,2,kept,,Negative: custom missing value -> 400.,Negative: custom missing value -> 400.,Existing enrichment,ACCEPT,
OPT-220,options.objective.custom.type,summary,1,kept,,Custom-objective aggregation type. Required within custom.,Custom-objective aggregation type. Required within custom.,Spec: The type parameter accepts two inputs: * min: This type of customized objective will minimize the metric provided in the value parameter. * min-max: This type of customized objective will approxima…,ACCEPT,
OPT-221,options.objective.custom.type,range,1,kept,,Required enum: min | min-max.,Required enum: min | min-max.,Spec: The type parameter accepts two inputs: * min: This type of customized objective will minimize the metric provided in the value parameter. * min-max: This type of customized objective will approxima…,ACCEPT,
OPT-222,options.objective.custom.type,constraints,1,kept,,Required.,Required.,Existing enrichment,ACCEPT,
OPT-223,options.objective.custom.type,businessRules,1,kept,,"type=min pairs with value in {vehicles, completion_time}; type=min-max with value in {tasks, travel_cost}.","type=min pairs with value in {vehicles, completion_time}; type=min-max with value in {tasks, travel_cost}.",Existing enrichment,ACCEPT,
OPT-224,options.objective.custom.type,businessRules,2,new,,,type defines: The type parameter accepts two inputs: * min: This type of customized objective will minimize the metric provided in the value parameter. * min-max: This type of customized objective will approxima…,Analytical business logic extraction,ACCEPT,
OPT-225,options.objective.custom.type,businessRules,3,new,,,"Valid options: min, min-max. Each affects solver behavior differently.",Analytical business logic extraction,ACCEPT,
OPT-226,options.objective.custom.type,businessRules,4,new,,,type=distance/duration/cost changes optimization focus; custom allows weighted combination.,Analytical business logic extraction,ACCEPT,
OPT-227,options.objective.custom.type,businessRules,5,new,,,Must stay consistent with: options.objective.custom.value. Changes here may require validation of those fields.,Analytical business logic extraction,ACCEPT,
OPT-228,options.objective.custom.type,businessRules,6,new,,,Optional field. Omitting uses solver's default behavior (no penalty).,Analytical business logic extraction,ACCEPT,
OPT-229,options.objective.custom.type,validationRules,1,kept,,"A value outside {min, min-max} -> 400.","A value outside {min, min-max} -> 400.",Existing enrichment,ACCEPT,
OPT-230,options.objective.custom.type,testingGuidance,1,kept,Positive,"Positive: type=min-max, value=travel_cost (balance the worst route).","Positive: type=min-max, value=travel_cost (balance the worst route).",Existing enrichment,ACCEPT,
OPT-231,options.objective.custom.type,testingGuidance,2,kept,,Negative: type=min with value=tasks (mismatched pairing) -> 400.,Negative: type=min with value=tasks (mismatched pairing) -> 400.,Existing enrichment,ACCEPT,
OPT-232,options.objective.custom.type,testingGuidance,3,new,Positive,,"Positive: test with type set to ""min""",Analytical spec deep-dive,ACCEPT,
OPT-233,options.objective.custom.type,testingGuidance,4,new,Positive,,"Positive: test with type set to ""min-max""",Analytical spec deep-dive,ACCEPT,
OPT-234,options.objective.custom.type,testingGuidance,5,new,Positive,,Positive: omit optional field type,Analytical spec deep-dive,ACCEPT,
OPT-235,options.objective.custom.value,summary,1,kept,,Metric the custom objective acts on. Required within custom.,Metric the custom objective acts on. Required within custom.,"Spec: The value parameter accepts four inputs, two of them are valid for min type and other two are valid for min-max type custom objective. Let’s look at the values for min type objective: * vehicles: S…",ACCEPT,
OPT-236,options.objective.custom.value,range,1,kept,,Required enum: for type=min -> vehicles | completion_time; for type=min-max -> tasks | travel_cost.,Required enum: for type=min -> vehicles | completion_time; for type=min-max -> tasks | travel_cost.,"Spec: The value parameter accepts four inputs, two of them are valid for min type and other two are valid for min-max type custom objective. Let’s look at the values for min type objective: * vehicles: S…",ACCEPT,
OPT-237,options.objective.custom.value,constraints,1,kept,,Required.,Required.,Existing enrichment,ACCEPT,
OPT-238,options.objective.custom.value,constraints,2,kept,,Must be valid for the chosen type.,Must be valid for the chosen type.,Existing enrichment,ACCEPT,
OPT-239,options.objective.custom.value,businessRules,1,new,,,"value defines: The value parameter accepts four inputs, two of them are valid for min type and other two are valid for min-max type custom objective. Let’s look at the values for min type objective: * vehicles: S…",Analytical business logic extraction,ACCEPT,
OPT-240,options.objective.custom.value,businessRules,2,new,,,"Valid options: vehicles, completion_time, travel_cost, tasks. Each affects solver behavior differently.",Analytical business logic extraction,ACCEPT,
OPT-241,options.objective.custom.value,businessRules,3,new,,,Must stay consistent with: options.objective.custom.type. Changes here may require validation of those fields.,Analytical business logic extraction,ACCEPT,
OPT-242,options.objective.custom.value,businessRules,4,new,,,Optional field. Omitting uses solver's default behavior (no penalty).,Analytical business logic extraction,ACCEPT,
OPT-243,options.objective.custom.value,validationRules,1,kept,,value not valid for the chosen type -> 400.,value not valid for the chosen type -> 400.,Existing enrichment,ACCEPT,
OPT-244,options.objective.custom.value,testingGuidance,1,kept,Positive,"Positive: type=min, value=completion_time (finish everything as early as possible).","Positive: type=min, value=completion_time (finish everything as early as possible).",Existing enrichment,ACCEPT,
OPT-245,options.objective.custom.value,testingGuidance,2,new,Positive,,"Positive: test with value set to ""vehicles""",Analytical spec deep-dive,ACCEPT,
OPT-246,options.objective.custom.value,testingGuidance,3,new,Positive,,"Positive: test with value set to ""completion_time""",Analytical spec deep-dive,ACCEPT,
OPT-247,options.objective.custom.value,testingGuidance,4,new,Positive,,"Positive: test with value set to ""travel_cost""",Analytical spec deep-dive,ACCEPT,
OPT-248,options.objective.custom.value,testingGuidance,5,new,Positive,,"Positive: test with value set to ""tasks""",Analytical spec deep-dive,ACCEPT,
OPT-249,options.objective.custom.value,testingGuidance,6,new,Positive,,Positive: omit optional field value,Analytical spec deep-dive,ACCEPT,
OPT-250,options.objective,summary,1,kept,,Defines what the solver optimizes (cost basis + custom min/min-max terms + early-arrival behavior).,Defines what the solver optimizes (cost basis + custom min/min-max terms + early-arrival behavior).,Spec: This attribute is used to configure the objective of the optimization job.,ACCEPT,
OPT-251,options.objective,range,1,kept,,"Object: { travel_cost?, custom?, allow_early_arrival?, solving_time_limit? }.","Object: { travel_cost?, custom?, allow_early_arrival?, solving_time_limit? }.",Spec: This attribute is used to configure the objective of the optimization job.,ACCEPT,
OPT-252,options.objective,businessRules,1,new,,,objective defines: This attribute is used to configure the objective of the optimization job.,Analytical business logic extraction,ACCEPT,
OPT-253,options.objective,businessRules,2,new,,,"Must stay consistent with: options.objective.travel_cost, options.objective.custom. Changes here may require validation of those fields.",Analytical business logic extraction,ACCEPT,
OPT-254,options.objective,businessRules,3,new,,,Rule: Vehicle's allowed_zones must include the job/shipment's zones.,Analytical business logic extraction,ACCEPT,
OPT-255,options.objective,businessRules,4,new,,,Optional field. Omitting uses solver's default behavior (no penalty).,Analytical business logic extraction,ACCEPT,
OPT-256,options.objective,testingGuidance,1,kept,Positive,Positive: travel_cost=distance to minimize kilometers.,Positive: travel_cost=distance to minimize kilometers.,Existing enrichment,ACCEPT,
OPT-257,options.objective,testingGuidance,2,new,Positive,,Positive: omit optional field objective,Analytical spec deep-dive,ACCEPT,
OPT-258,options.objective,testingGuidance,3,new,Interaction,,"Interaction: Positive: all jobs feasible under hard constraints + balancing options enabled -> all jobs still assigned (assert assignment count only, never the specific route distribution).",Analytical spec deep-dive,ACCEPT,
OPT-259,options.objective,testingGuidance,4,new,Interaction,,Interaction: Negative-infeasible: a job infeasible under a hard constraint (e.g. impossible time window) stays unassigned regardless of balancing weights (assert unassigned reason).,Analytical spec deep-dive,ACCEPT,
OPT-260,options.objective.solving_time_limit,summary,1,kept,,Target solve time budget (seconds); the solver may exceed it to find any solution.,Target solve time budget (seconds); the solver may exceed it to find any solution.,Spec: Specify the number of seconds within which the optimizer should ideally solve the optimization request. Please note that: * In case the specified time limit is not enough to generate a solution for…,ACCEPT,
OPT-261,options.objective.solving_time_limit,range,1,kept,,Integer seconds. >= 300–420s recommended for large inputs.,Integer seconds. >= 300–420s recommended for large inputs.,Spec: Specify the number of seconds within which the optimizer should ideally solve the optimization request. Please note that: * In case the specified time limit is not enough to generate a solution for…,ACCEPT,
OPT-262,options.objective.solving_time_limit,constraints,1,kept,,Positive integer seconds.,Positive integer seconds.,Existing enrichment,ACCEPT,
OPT-263,options.objective.solving_time_limit,businessRules,1,kept,,Soft target — solver can run longer to return a feasible solution for large problems.,Soft target — solver can run longer to return a feasible solution for large problems.,Existing enrichment,ACCEPT,
OPT-264,options.objective.solving_time_limit,businessRules,2,new,,,solving_time_limit defines: Specify the number of seconds within which the optimizer should ideally solve the optimization request. Please note that: * In case the specified time limit is not enough to generate a solution for…,Analytical business logic extraction,ACCEPT,
OPT-265,options.objective.solving_time_limit,businessRules,3,new,,,Values in seconds; must be non-negative. Zero means instantaneous.,Analytical business logic extraction,ACCEPT,
OPT-266,options.objective.solving_time_limit,businessRules,4,new,,,Optional field. Omitting uses solver's default behavior (no penalty).,Analytical business logic extraction,ACCEPT,
OPT-267,options.objective.solving_time_limit,testingGuidance,1,kept,Positive,Positive: solving_time_limit 420 for a 500-job problem.,Positive: solving_time_limit 420 for a 500-job problem.,Existing enrichment,ACCEPT,
OPT-268,options.objective.solving_time_limit,testingGuidance,2,kept,Boundary,Boundary: very small limit may yield a lower-quality but valid solution.,Boundary: very small limit may yield a lower-quality but valid solution.,Existing enrichment,ACCEPT,
OPT-269,options.objective.solving_time_limit,testingGuidance,3,new,Boundary,,Boundary: zero value (0),Analytical spec deep-dive,ACCEPT,
OPT-270,options.objective.solving_time_limit,testingGuidance,4,new,Boundary,,Boundary: negative value (-1),Analytical spec deep-dive,ACCEPT,
OPT-271,options.objective.solving_time_limit,testingGuidance,5,new,Boundary,,Boundary: very large value,Analytical spec deep-dive,ACCEPT,
OPT-272,options.objective.solving_time_limit,testingGuidance,6,new,Positive,,Positive: omit optional field solving_time_limit,Analytical spec deep-dive,ACCEPT,
OPT-273,options.objective.travel_cost,summary,1,kept,,Basis the solver uses to cost travel between stops.,Basis the solver uses to cost travel between stops.,"Spec: The travel_cost parameter specifies the type of cost used by the solver to determine the routes. If the travel_cost parameter is set to distance, the solver will minimize the total distance travele…",ACCEPT,
OPT-274,options.objective.travel_cost,range,1,kept,,Enum: duration (default) | distance | air_distance | customized. 'customized' requires cost_matrix.,Enum: duration (default) | distance | air_distance | customized. 'customized' requires cost_matrix.,"Spec: The travel_cost parameter specifies the type of cost used by the solver to determine the routes. If the travel_cost parameter is set to distance, the solver will minimize the total distance travele…",ACCEPT,
OPT-275,options.objective.travel_cost,constraints,1,kept,,travel_cost=customized requires a cost_matrix.,travel_cost=customized requires a cost_matrix.,Existing enrichment,ACCEPT,
OPT-276,options.objective.travel_cost,constraints,2,kept,,per_km costs need travel_cost=distance; per_hour costs need travel_cost=duration.,per_km costs need travel_cost=distance; per_hour costs need travel_cost=duration.,Existing enrichment,ACCEPT,
OPT-277,options.objective.travel_cost,businessRules,1,new,,,"travel_cost defines: The travel_cost parameter specifies the type of cost used by the solver to determine the routes. If the travel_cost parameter is set to distance, the solver will minimize the total distance travele…",Analytical business logic extraction,ACCEPT,
OPT-278,options.objective.travel_cost,businessRules,2,new,,,"Valid options: duration, distance, air_distance, customized. Each affects solver behavior differently.",Analytical business logic extraction,ACCEPT,
OPT-279,options.objective.travel_cost,businessRules,3,new,,,"Must stay consistent with: cost_matrix, vehicles.costs.per_km, vehicles.costs.per_hour. Changes here may require validation of those fields.",Analytical business logic extraction,ACCEPT,
OPT-280,options.objective.travel_cost,businessRules,4,new,,,Rule: Cost/distance/duration matrices must have consistent dimensions and indices.,Analytical business logic extraction,ACCEPT,
OPT-281,options.objective.travel_cost,businessRules,5,new,,,This is a soft constraint. Violations are penalized but don't make solutions infeasible.,Analytical business logic extraction,ACCEPT,
OPT-282,options.objective.travel_cost,businessRules,6,new,,,Optional field. Omitting uses solver's default behavior (no penalty).,Analytical business logic extraction,ACCEPT,
OPT-283,options.objective.travel_cost,validationRules,1,kept,,travel_cost=customized without cost_matrix -> 400.,travel_cost=customized without cost_matrix -> 400.,Existing enrichment,ACCEPT,
OPT-284,options.objective.travel_cost,validationRules,2,kept,,A value outside the enum -> 400.,A value outside the enum -> 400.,Existing enrichment,ACCEPT,
OPT-285,options.objective.travel_cost,testingGuidance,1,kept,Positive,Positive: each enum value (duration/distance/air_distance).,Positive: each enum value (duration/distance/air_distance).,Existing enrichment,ACCEPT,
OPT-286,options.objective.travel_cost,testingGuidance,2,kept,,Negative: customized without cost_matrix -> 400.,Negative: customized without cost_matrix -> 400.,Existing enrichment,ACCEPT,
OPT-287,options.objective.travel_cost,testingGuidance,3,new,Positive,,"Positive: test with travel_cost set to ""duration""",Analytical spec deep-dive,ACCEPT,
OPT-288,options.objective.travel_cost,testingGuidance,4,new,Positive,,"Positive: test with travel_cost set to ""distance""",Analytical spec deep-dive,ACCEPT,
OPT-289,options.objective.travel_cost,testingGuidance,5,new,Positive,,"Positive: test with travel_cost set to ""air_distance""",Analytical spec deep-dive,ACCEPT,
OPT-290,options.objective.travel_cost,testingGuidance,6,new,Positive,,"Positive: test with travel_cost set to ""customized""",Analytical spec deep-dive,ACCEPT,
OPT-291,options.objective.travel_cost,testingGuidance,7,new,Positive,,Positive: omit optional field travel_cost,Analytical spec deep-dive,ACCEPT,
OPT-292,options.objective.travel_cost,testingGuidance,8,new,Interaction,,Interaction: Negative: travel_cost=customized without cost_matrix -> 400.,Analytical spec deep-dive,ACCEPT,
OPT-293,options.objective.travel_cost,testingGuidance,9,new,Interaction,,Interaction: Behavioral: per_km cost ignored unless travel_cost=distance.,Analytical spec deep-dive,ACCEPT,
OPT-294,options.routing.allow,summary,1,kept,,Road features the vehicle is allowed to use (e.g. taxi lanes). mode=car only.,Road features the vehicle is allowed to use (e.g. taxi lanes). mode=car only.,"Spec: Use this parameter to let the optimizer use taxi-specific lanes/roads for calculating routes. When not specified, the routes generated will not use any taxi specific lanes. It is effective only whe…",ACCEPT,
OPT-295,options.routing.allow,range,1,kept,,Array enum: taxi. Requires mode=car.,Array enum: taxi. Requires mode=car.,"Spec: Use this parameter to let the optimizer use taxi-specific lanes/roads for calculating routes. When not specified, the routes generated will not use any taxi specific lanes. It is effective only whe…",ACCEPT,
OPT-296,options.routing.allow,constraints,1,kept,,Requires mode=car.,Requires mode=car.,Existing enrichment,ACCEPT,
OPT-297,options.routing.allow,constraints,2,kept,,Only 'taxi' supported.,Only 'taxi' supported.,Existing enrichment,ACCEPT,
OPT-298,options.routing.allow,businessRules,1,new,,,"allow defines: Use this parameter to let the optimizer use taxi-specific lanes/roads for calculating routes. When not specified, the routes generated will not use any taxi specific lanes. It is effective only whe…",Analytical business logic extraction,ACCEPT,
OPT-299,options.routing.allow,businessRules,2,new,,,Each element in allow must be valid and consistent with related fields.,Analytical business logic extraction,ACCEPT,
OPT-300,options.routing.allow,businessRules,3,new,,,Valid options: taxi. Each affects solver behavior differently.,Analytical business logic extraction,ACCEPT,
OPT-301,options.routing.allow,businessRules,4,new,,,Routing attributes affect which roads/zones are accessible; conflicts cause unsolvable requests.,Analytical business logic extraction,ACCEPT,
OPT-302,options.routing.allow,businessRules,5,new,,,Must stay consistent with: options.routing.mode. Changes here may require validation of those fields.,Analytical business logic extraction,ACCEPT,
OPT-303,options.routing.allow,businessRules,6,new,,,Optional field. Omitting uses solver's default behavior (no penalty).,Analytical business logic extraction,ACCEPT,
OPT-304,options.routing.allow,validationRules,1,kept,,allow with mode != car -> 400.,allow with mode != car -> 400.,Existing enrichment,ACCEPT,
OPT-305,options.routing.allow,testingGuidance,1,kept,Positive,"Positive: allow [""taxi""] with mode=car.","Positive: allow [""taxi""] with mode=car.",Existing enrichment,ACCEPT,
OPT-306,options.routing.allow,testingGuidance,2,kept,,Negative: allow with mode=truck -> 400.,Negative: allow with mode=truck -> 400.,Existing enrichment,ACCEPT,
OPT-307,options.routing.allow,testingGuidance,3,new,Positive,,"Positive: test with allow set to ""taxi""",Analytical spec deep-dive,ACCEPT,
OPT-308,options.routing.allow,testingGuidance,4,new,Positive,,Positive: omit optional field allow,Analytical spec deep-dive,ACCEPT,
OPT-309,options.routing.allow,testingGuidance,5,new,Interaction,,Interaction: Negative: truck_weight with mode=car -> 400.,Analytical spec deep-dive,ACCEPT,
OPT-310,options.routing.allow,testingGuidance,6,new,Interaction,,Interaction: Negative: allow=[taxi] with mode=truck -> 400.,Analytical spec deep-dive,ACCEPT,
OPT-311,options.routing.avoid,summary,1,kept,,SOFT road features to avoid where possible (ferry avoided by default).,SOFT road features to avoid where possible (ferry avoided by default).,"Spec: Specify the type of objects/maneuvers that the route should avoid. This is a soft-constraint. The optimizer would try to avoid the given objects/maneuvers as long as there are feasible, alternative…",ACCEPT,
OPT-312,options.routing.avoid,range,1,kept,,Array enum: toll | highway | bbox | left_turn | right_turn | sharp_turn | uturn | service_road | ferry | none. Case-sensitive. bbox is a hard geo filter.,Array enum: toll | highway | bbox | left_turn | right_turn | sharp_turn | uturn | service_road | ferry | none. Case-sensitive. bbox is a hard geo filter.,"Spec: Specify the type of objects/maneuvers that the route should avoid. This is a soft-constraint. The optimizer would try to avoid the given objects/maneuvers as long as there are feasible, alternative…",ACCEPT,
OPT-313,options.routing.avoid,constraints,1,kept,,Values from the enum set; case-sensitive.,Values from the enum set; case-sensitive.,Existing enrichment,ACCEPT,
OPT-314,options.routing.avoid,businessRules,1,kept,,"Soft preference EXCEPT bbox, which hard-filters to a bounding box (min_lat,min_lon,max_lat,max_lon).","Soft preference EXCEPT bbox, which hard-filters to a bounding box (min_lat,min_lon,max_lat,max_lon).",Existing enrichment,ACCEPT,
OPT-315,options.routing.avoid,businessRules,2,new,,,"avoid defines: Specify the type of objects/maneuvers that the route should avoid. This is a soft-constraint. The optimizer would try to avoid the given objects/maneuvers as long as there are feasible, alternative…",Analytical business logic extraction,ACCEPT,
OPT-316,options.routing.avoid,businessRules,3,new,,,Each element in avoid must be valid and consistent with related fields.,Analytical business logic extraction,ACCEPT,
OPT-317,options.routing.avoid,businessRules,4,new,,,"Valid options: toll, highway, bbox, left_turn, right_turn, .... Each affects solver behavior differently.",Analytical business logic extraction,ACCEPT,
OPT-318,options.routing.avoid,businessRules,5,new,,,Routing attributes affect which roads/zones are accessible; conflicts cause unsolvable requests.,Analytical business logic extraction,ACCEPT,
OPT-319,options.routing.avoid,businessRules,6,new,,,Must stay consistent with: options.routing.exclude. Changes here may require validation of those fields.,Analytical business logic extraction,ACCEPT,
OPT-320,options.routing.avoid,businessRules,7,new,,,Optional field. Omitting uses solver's default behavior (no penalty).,Analytical business logic extraction,ACCEPT,
OPT-321,options.routing.avoid,validationRules,1,kept,,A value outside the enum -> 400.,A value outside the enum -> 400.,Existing enrichment,ACCEPT,
OPT-322,options.routing.avoid,testingGuidance,1,kept,Positive,"Positive: avoid [""toll"",""highway""].","Positive: avoid [""toll"",""highway""].",Existing enrichment,ACCEPT,
OPT-323,options.routing.avoid,testingGuidance,2,kept,,"Negative: avoid [""Toll""] (wrong case) -> 400.","Negative: avoid [""Toll""] (wrong case) -> 400.",Existing enrichment,ACCEPT,
OPT-324,options.routing.avoid,testingGuidance,3,new,Positive,,"Positive: test with avoid set to ""toll""",Analytical spec deep-dive,ACCEPT,
OPT-325,options.routing.avoid,testingGuidance,4,new,Positive,,"Positive: test with avoid set to ""highway""",Analytical spec deep-dive,ACCEPT,
OPT-326,options.routing.avoid,testingGuidance,5,new,Positive,,"Positive: test with avoid set to ""bbox""",Analytical spec deep-dive,ACCEPT,
OPT-327,options.routing.avoid,testingGuidance,6,new,Positive,,"Positive: test with avoid set to ""left_turn""",Analytical spec deep-dive,ACCEPT,
OPT-328,options.routing.avoid,testingGuidance,7,new,Positive,,"Positive: test with avoid set to ""right_turn""",Analytical spec deep-dive,ACCEPT,
OPT-329,options.routing.avoid,testingGuidance,8,new,Positive,,"Positive: test with avoid set to ""sharp_turn""",Analytical spec deep-dive,ACCEPT,
OPT-330,options.routing.avoid,testingGuidance,9,new,Positive,,"Positive: test with avoid set to ""uturn""",Analytical spec deep-dive,ACCEPT,
OPT-331,options.routing.avoid,testingGuidance,10,new,Positive,,"Positive: test with avoid set to ""service_road""",Analytical spec deep-dive,ACCEPT,
OPT-332,options.routing.avoid,testingGuidance,11,new,Positive,,"Positive: test with avoid set to ""ferry""",Analytical spec deep-dive,ACCEPT,
OPT-333,options.routing.avoid,testingGuidance,12,new,Positive,,"Positive: test with avoid set to ""none""",Analytical spec deep-dive,ACCEPT,
OPT-334,options.routing.avoid,testingGuidance,13,new,Positive,,Positive: omit optional field avoid,Analytical spec deep-dive,ACCEPT,
OPT-335,options.routing.cross_border,summary,1,kept,,Allow international border crossing (North America only by default).,Allow international border crossing (North America only by default).,"Spec: Specify if crossing an international border is allowed for operations near border areas. When set to false, the API will prohibit any routes crossing international borders. When set to true, the se…",ACCEPT,
OPT-336,options.routing.cross_border,range,1,kept,,Boolean.,Boolean.,"Spec: Specify if crossing an international border is allowed for operations near border areas. When set to false, the API will prohibit any routes crossing international borders. When set to true, the se…",ACCEPT,
OPT-337,options.routing.cross_border,businessRules,1,new,,,"cross_border defines: Specify if crossing an international border is allowed for operations near border areas. When set to false, the API will prohibit any routes crossing international borders. When set to true, the se…",Analytical business logic extraction,ACCEPT,
OPT-338,options.routing.cross_border,businessRules,2,new,,,Optional field. Omitting uses solver's default behavior (no penalty).,Analytical business logic extraction,ACCEPT,
OPT-339,options.routing.cross_border,testingGuidance,1,kept,Positive,Positive: cross_border true enables cross-country routes.,Positive: cross_border true enables cross-country routes.,Existing enrichment,ACCEPT,
OPT-340,options.routing.cross_border,testingGuidance,2,kept,Boundary,Boundary: default (no crossing).,Boundary: default (no crossing).,Existing enrichment,ACCEPT,
OPT-341,options.routing.cross_border,testingGuidance,3,new,Positive,,Positive: omit optional field cross_border,Analytical spec deep-dive,ACCEPT,
OPT-342,options.routing.disable_cache,summary,1,kept,,"If true, do not reuse the 60-minute cached travel matrix.","If true, do not reuse the 60-minute cached travel matrix.","Spec: Specify if the optimizer should cache the matrix result set (containing ETAs and distances) for the given set of locations in the request. Once the results are cached, the optimizer can use it duri…",ACCEPT,
OPT-343,options.routing.disable_cache,range,1,kept,,Boolean. Default false.,Boolean. Default false.,"Spec: Specify if the optimizer should cache the matrix result set (containing ETAs and distances) for the given set of locations in the request. Once the results are cached, the optimizer can use it duri…",ACCEPT,
OPT-344,options.routing.disable_cache,businessRules,1,new,,,"disable_cache defines: Specify if the optimizer should cache the matrix result set (containing ETAs and distances) for the given set of locations in the request. Once the results are cached, the optimizer can use it duri…",Analytical business logic extraction,ACCEPT,
OPT-345,options.routing.disable_cache,businessRules,2,new,,,Optional field. Omitting uses solver's default behavior (no penalty).,Analytical business logic extraction,ACCEPT,
OPT-346,options.routing.disable_cache,testingGuidance,1,kept,Boundary,Boundary: default false (cache reused).,Boundary: default false (cache reused).,Existing enrichment,ACCEPT,
OPT-347,options.routing.disable_cache,testingGuidance,2,kept,,"Behavioral: true forces fresh matrix computation (slower, current data).","Behavioral: true forces fresh matrix computation (slower, current data).",Existing enrichment,ACCEPT,
OPT-348,options.routing.disable_cache,testingGuidance,3,new,Positive,,Positive: omit optional field disable_cache,Analytical spec deep-dive,ACCEPT,
OPT-349,options.routing.exclude,summary,1,kept,,"HARD road features to exclude; if no feasible route remains, the request fails.","HARD road features to exclude; if no feasible route remains, the request fails.","Spec: Specify the type of objects/maneuvers that the route should exclude. This is a hard-constraint. The optimizer would exclude the given objects/maneuvers and return feasible, alternative routes. If n…",ACCEPT,
OPT-350,options.routing.exclude,range,1,kept,,Array enum: toll | highway | ferry | service_road | uturn | sharp_turn | left_turn | right_turn | none. ferry excluded by default.,Array enum: toll | highway | ferry | service_road | uturn | sharp_turn | left_turn | right_turn | none. ferry excluded by default.,"Spec: Specify the type of objects/maneuvers that the route should exclude. This is a hard-constraint. The optimizer would exclude the given objects/maneuvers and return feasible, alternative routes. If n…",ACCEPT,
OPT-351,options.routing.exclude,constraints,1,kept,,Values from the enum set.,Values from the enum set.,Existing enrichment,ACCEPT,
OPT-352,options.routing.exclude,businessRules,1,kept,,"Hard filter: unlike avoid, a route MUST honor it. If none exists -> 4xx.","Hard filter: unlike avoid, a route MUST honor it. If none exists -> 4xx.",Existing enrichment,ACCEPT,
OPT-353,options.routing.exclude,businessRules,2,new,,,"exclude defines: Specify the type of objects/maneuvers that the route should exclude. This is a hard-constraint. The optimizer would exclude the given objects/maneuvers and return feasible, alternative routes. If n…",Analytical business logic extraction,ACCEPT,
OPT-354,options.routing.exclude,businessRules,3,new,,,Each element in exclude must be valid and consistent with related fields.,Analytical business logic extraction,ACCEPT,
OPT-355,options.routing.exclude,businessRules,4,new,,,"Valid options: toll, highway, ferry, service_road, uturn, .... Each affects solver behavior differently.",Analytical business logic extraction,ACCEPT,
OPT-356,options.routing.exclude,businessRules,5,new,,,Must stay consistent with: options.routing.avoid. Changes here may require validation of those fields.,Analytical business logic extraction,ACCEPT,
OPT-357,options.routing.exclude,businessRules,6,new,,,Optional field. Omitting uses solver's default behavior (no penalty).,Analytical business logic extraction,ACCEPT,
OPT-358,options.routing.exclude,validationRules,1,kept,,A value outside the enum -> 400.,A value outside the enum -> 400.,Existing enrichment,ACCEPT,
OPT-359,options.routing.exclude,validationRules,2,kept,,No feasible route under the exclusions -> 4xx.,No feasible route under the exclusions -> 4xx.,Existing enrichment,ACCEPT,
OPT-360,options.routing.exclude,testingGuidance,1,kept,Positive,"Positive: exclude [""toll""].","Positive: exclude [""toll""].",Existing enrichment,ACCEPT,
OPT-361,options.routing.exclude,testingGuidance,2,kept,,Negative: exclusions that leave no route -> 4xx.,Negative: exclusions that leave no route -> 4xx.,Existing enrichment,ACCEPT,
OPT-362,options.routing.exclude,testingGuidance,3,new,Positive,,"Positive: test with exclude set to ""toll""",Analytical spec deep-dive,ACCEPT,
OPT-363,options.routing.exclude,testingGuidance,4,new,Positive,,"Positive: test with exclude set to ""highway""",Analytical spec deep-dive,ACCEPT,
OPT-364,options.routing.exclude,testingGuidance,5,new,Positive,,"Positive: test with exclude set to ""ferry""",Analytical spec deep-dive,ACCEPT,
OPT-365,options.routing.exclude,testingGuidance,6,new,Positive,,"Positive: test with exclude set to ""service_road""",Analytical spec deep-dive,ACCEPT,
OPT-366,options.routing.exclude,testingGuidance,7,new,Positive,,"Positive: test with exclude set to ""uturn""",Analytical spec deep-dive,ACCEPT,
OPT-367,options.routing.exclude,testingGuidance,8,new,Positive,,"Positive: test with exclude set to ""sharp_turn""",Analytical spec deep-dive,ACCEPT,
OPT-368,options.routing.exclude,testingGuidance,9,new,Positive,,"Positive: test with exclude set to ""left_turn""",Analytical spec deep-dive,ACCEPT,
OPT-369,options.routing.exclude,testingGuidance,10,new,Positive,,"Positive: test with exclude set to ""right_turn""",Analytical spec deep-dive,ACCEPT,
OPT-370,options.routing.exclude,testingGuidance,11,new,Positive,,"Positive: test with exclude set to ""none""",Analytical spec deep-dive,ACCEPT,
OPT-371,options.routing.exclude,testingGuidance,12,new,Positive,,Positive: omit optional field exclude,Analytical spec deep-dive,ACCEPT,
OPT-372,options.routing.hazmat_type,summary,1,kept,,Hazardous-material categories for truck routing restrictions. mode=truck only.,Hazardous-material categories for truck routing restrictions. mode=truck only.,"Spec: Specify the type of hazardous material being carried and the service will avoid roads which are not suitable for the type of goods specified. Provide multiple values separated by a comma , . Please…",ACCEPT,
OPT-373,options.routing.hazmat_type,range,1,kept,,Array enum: explosives | gas | flammable_liquid | flammable_gas | organic | toxic | radioactive | corrosive | other. Requires mode=truck.,Array enum: explosives | gas | flammable_liquid | flammable_gas | organic | toxic | radioactive | corrosive | other. Requires mode=truck.,"Spec: Specify the type of hazardous material being carried and the service will avoid roads which are not suitable for the type of goods specified. Provide multiple values separated by a comma , . Please…",ACCEPT,
OPT-374,options.routing.hazmat_type,constraints,1,kept,,Requires mode=truck.,Requires mode=truck.,Existing enrichment,ACCEPT,
OPT-375,options.routing.hazmat_type,constraints,2,kept,,Values from the enum set.,Values from the enum set.,Existing enrichment,ACCEPT,
OPT-376,options.routing.hazmat_type,businessRules,1,new,,,"hazmat_type defines: Specify the type of hazardous material being carried and the service will avoid roads which are not suitable for the type of goods specified. Provide multiple values separated by a comma , . Please…",Analytical business logic extraction,ACCEPT,
OPT-377,options.routing.hazmat_type,businessRules,2,new,,,Each element in hazmat_type must be valid and consistent with related fields.,Analytical business logic extraction,ACCEPT,
OPT-378,options.routing.hazmat_type,businessRules,3,new,,,"Valid options: explosives, gas, flammable_liquid, flammable_gas, organic, .... Each affects solver behavior differently.",Analytical business logic extraction,ACCEPT,
OPT-379,options.routing.hazmat_type,businessRules,4,new,,,Must stay consistent with: options.routing.mode. Changes here may require validation of those fields.,Analytical business logic extraction,ACCEPT,
OPT-380,options.routing.hazmat_type,businessRules,5,new,,,Optional field. Omitting uses solver's default behavior (no penalty).,Analytical business logic extraction,ACCEPT,
OPT-381,options.routing.hazmat_type,validationRules,1,kept,,hazmat_type with mode != truck -> 400.,hazmat_type with mode != truck -> 400.,Existing enrichment,ACCEPT,
OPT-382,options.routing.hazmat_type,validationRules,2,kept,,A value outside the enum -> 400.,A value outside the enum -> 400.,Existing enrichment,ACCEPT,
OPT-383,options.routing.hazmat_type,testingGuidance,1,kept,Positive,"Positive: [""flammable_liquid""] with mode=truck routes around restrictions.","Positive: [""flammable_liquid""] with mode=truck routes around restrictions.",Existing enrichment,ACCEPT,
OPT-384,options.routing.hazmat_type,testingGuidance,2,kept,,Negative: hazmat_type with mode=car -> 400.,Negative: hazmat_type with mode=car -> 400.,Existing enrichment,ACCEPT,
OPT-385,options.routing.hazmat_type,testingGuidance,3,new,Positive,,"Positive: test with hazmat_type set to ""explosives""",Analytical spec deep-dive,ACCEPT,
OPT-386,options.routing.hazmat_type,testingGuidance,4,new,Positive,,"Positive: test with hazmat_type set to ""gas""",Analytical spec deep-dive,ACCEPT,
OPT-387,options.routing.hazmat_type,testingGuidance,5,new,Positive,,"Positive: test with hazmat_type set to ""flammable_liquid""",Analytical spec deep-dive,ACCEPT,
OPT-388,options.routing.hazmat_type,testingGuidance,6,new,Positive,,"Positive: test with hazmat_type set to ""flammable_gas""",Analytical spec deep-dive,ACCEPT,
OPT-389,options.routing.hazmat_type,testingGuidance,7,new,Positive,,"Positive: test with hazmat_type set to ""organic""",Analytical spec deep-dive,ACCEPT,
OPT-390,options.routing.hazmat_type,testingGuidance,8,new,Positive,,"Positive: test with hazmat_type set to ""toxic""",Analytical spec deep-dive,ACCEPT,
OPT-391,options.routing.hazmat_type,testingGuidance,9,new,Positive,,"Positive: test with hazmat_type set to ""radioactive""",Analytical spec deep-dive,ACCEPT,
OPT-392,options.routing.hazmat_type,testingGuidance,10,new,Positive,,"Positive: test with hazmat_type set to ""corrosive""",Analytical spec deep-dive,ACCEPT,
OPT-393,options.routing.hazmat_type,testingGuidance,11,new,Positive,,"Positive: test with hazmat_type set to ""other""",Analytical spec deep-dive,ACCEPT,
OPT-394,options.routing.hazmat_type,testingGuidance,12,new,Positive,,Positive: omit optional field hazmat_type,Analytical spec deep-dive,ACCEPT,
OPT-395,options.routing.hazmat_type,testingGuidance,13,new,Interaction,,Interaction: Negative: truck_weight with mode=car -> 400.,Analytical spec deep-dive,ACCEPT,
OPT-396,options.routing.hazmat_type,testingGuidance,14,new,Interaction,,Interaction: Negative: allow=[taxi] with mode=truck -> 400.,Analytical spec deep-dive,ACCEPT,
OPT-397,options.routing,summary,1,kept,,"Road-network routing configuration: mode, avoid/exclude, truck attributes, profiles, traffic.","Road-network routing configuration: mode, avoid/exclude, truck attributes, profiles, traffic.",Spec: This attribute is used to define the routing configurations for the optimization job.,ACCEPT,
OPT-398,options.routing,range,1,kept,,Object of routing options. mode defaults to car.,Object of routing options. mode defaults to car.,Spec: This attribute is used to define the routing configurations for the optimization job.,ACCEPT,
OPT-399,options.routing,businessRules,1,new,,,routing defines: This attribute is used to define the routing configurations for the optimization job.,Analytical business logic extraction,ACCEPT,
OPT-400,options.routing,businessRules,2,new,,,"Must stay consistent with: options.routing.mode, options.routing.avoid, options.routing.exclude. Changes here may require validation of those fields.",Analytical business logic extraction,ACCEPT,
OPT-401,options.routing,businessRules,3,new,,,Optional field. Omitting uses solver's default behavior (no penalty).,Analytical business logic extraction,ACCEPT,
OPT-402,options.routing,testingGuidance,1,kept,Positive,Positive: mode=truck with truck_size/weight for HGV routing.,Positive: mode=truck with truck_size/weight for HGV routing.,Existing enrichment,ACCEPT,
OPT-403,options.routing,testingGuidance,2,new,Positive,,Positive: omit optional field routing,Analytical spec deep-dive,ACCEPT,
OPT-404,options.routing.mode,summary,1,kept,,Travel mode determining the road network and which routing attributes apply.,Travel mode determining the road network and which routing attributes apply.,Spec: Define the traveling mode to be used for determining the optimized routes. Only the car profile is enabled by default. Please note that other profiles might not be available for all regions. Please…,ACCEPT,
OPT-405,options.routing.mode,range,1,kept,,Enum: car (default) | truck | motorcycle | bike | walk. Non-car may be region-limited.,Enum: car (default) | truck | motorcycle | bike | walk. Non-car may be region-limited.,Spec: Define the traveling mode to be used for determining the optimized routes. Only the car profile is enabled by default. Please note that other profiles might not be available for all regions. Please…,ACCEPT,
OPT-406,options.routing.mode,businessRules,1,kept,,truck_size/truck_weight/hazmat_type/truck_axle_load require mode=truck; allow=taxi requires mode=car.,truck_size/truck_weight/hazmat_type/truck_axle_load require mode=truck; allow=taxi requires mode=car.,Existing enrichment,ACCEPT,
OPT-407,options.routing.mode,businessRules,2,new,,,mode defines: Define the traveling mode to be used for determining the optimized routes. Only the car profile is enabled by default. Please note that other profiles might not be available for all regions. Please…,Analytical business logic extraction,ACCEPT,
OPT-408,options.routing.mode,businessRules,3,new,,,"Valid options: car, truck, motorcycle, bike, walk. Each affects solver behavior differently.",Analytical business logic extraction,ACCEPT,
OPT-409,options.routing.mode,businessRules,4,new,,,mode=truck enables truck_size/truck_weight/hazmat attributes; other modes restrict them.,Analytical business logic extraction,ACCEPT,
OPT-410,options.routing.mode,businessRules,5,new,,,"Must stay consistent with: options.routing.truck_size, options.routing.hazmat_type. Changes here may require validation of those fields.",Analytical business logic extraction,ACCEPT,
OPT-411,options.routing.mode,businessRules,6,new,,,Optional field. Omitting uses solver's default behavior (no penalty).,Analytical business logic extraction,ACCEPT,
OPT-412,options.routing.mode,validationRules,1,kept,,A value outside the enum -> 400.,A value outside the enum -> 400.,Existing enrichment,ACCEPT,
OPT-413,options.routing.mode,testingGuidance,1,kept,Positive,Positive: each mode value.,Positive: each mode value.,Existing enrichment,ACCEPT,
OPT-414,options.routing.mode,testingGuidance,2,kept,,Negative: truck_weight set with mode=car -> 400 (truck-only attribute).,Negative: truck_weight set with mode=car -> 400 (truck-only attribute).,Existing enrichment,ACCEPT,
OPT-415,options.routing.mode,testingGuidance,3,new,Positive,,"Positive: test with mode set to ""car""",Analytical spec deep-dive,ACCEPT,
OPT-416,options.routing.mode,testingGuidance,4,new,Positive,,"Positive: test with mode set to ""truck""",Analytical spec deep-dive,ACCEPT,
OPT-417,options.routing.mode,testingGuidance,5,new,Positive,,"Positive: test with mode set to ""motorcycle""",Analytical spec deep-dive,ACCEPT,
OPT-418,options.routing.mode,testingGuidance,6,new,Positive,,"Positive: test with mode set to ""bike""",Analytical spec deep-dive,ACCEPT,
OPT-419,options.routing.mode,testingGuidance,7,new,Positive,,"Positive: test with mode set to ""walk""",Analytical spec deep-dive,ACCEPT,
OPT-420,options.routing.mode,testingGuidance,8,new,Positive,,Positive: omit optional field mode,Analytical spec deep-dive,ACCEPT,
OPT-421,options.routing.mode,testingGuidance,9,new,Interaction,,Interaction: Negative: truck_weight with mode=car -> 400.,Analytical spec deep-dive,ACCEPT,
OPT-422,options.routing.mode,testingGuidance,10,new,Interaction,,Interaction: Negative: allow=[taxi] with mode=truck -> 400.,Analytical spec deep-dive,ACCEPT,
OPT-423,options.routing.profiles,summary,1,kept,,Named routing profiles; each holds any options.routing property. Vehicles reference one via vehicles.profile.,Named routing profiles; each holds any options.routing property. Vehicles reference one via vehicles.profile.,Spec: Defines all the vehicle profiles. profiles is implemented as a dictionary of objects where each profile name is the unique key and the associated value is an object describing the routing propertie…,ACCEPT,
OPT-424,options.routing.profiles,range,1,kept,,Object mapping profile name -> routing config. 'default' reserved; no nesting. Profile-count limit scales down with location count (15/6/2/1).,Object mapping profile name -> routing config. 'default' reserved; no nesting. Profile-count limit scales down with location count (15/6/2/1).,Spec: Defines all the vehicle profiles. profiles is implemented as a dictionary of objects where each profile name is the unique key and the associated value is an object describing the routing propertie…,ACCEPT,
OPT-425,options.routing.profiles,constraints,1,kept,,'default' name is reserved.,'default' name is reserved.,Existing enrichment,ACCEPT,
OPT-426,options.routing.profiles,constraints,2,kept,,No nested profiles.,No nested profiles.,Existing enrichment,ACCEPT,
OPT-427,options.routing.profiles,constraints,3,kept,,Profile count limited by problem size.,Profile count limited by problem size.,Existing enrichment,ACCEPT,
OPT-428,options.routing.profiles,businessRules,1,new,,,profiles defines: Defines all the vehicle profiles. profiles is implemented as a dictionary of objects where each profile name is the unique key and the associated value is an object describing the routing propertie…,Analytical business logic extraction,ACCEPT,
OPT-429,options.routing.profiles,businessRules,2,new,,,Must stay consistent with: vehicles.profile. Changes here may require validation of those fields.,Analytical business logic extraction,ACCEPT,
OPT-430,options.routing.profiles,businessRules,3,new,,,Optional field. Omitting uses solver's default behavior (no penalty).,Analytical business logic extraction,ACCEPT,
OPT-431,options.routing.profiles,validationRules,1,kept,,A vehicle referencing an undefined profile -> 400.,A vehicle referencing an undefined profile -> 400.,Existing enrichment,ACCEPT,
OPT-432,options.routing.profiles,validationRules,2,kept,,Nested profiles -> 400.,Nested profiles -> 400.,Existing enrichment,ACCEPT,
OPT-433,options.routing.profiles,testingGuidance,1,kept,Positive,"Positive: profiles {""truck"": {mode:truck}} referenced by vehicles.profile.","Positive: profiles {""truck"": {mode:truck}} referenced by vehicles.profile.",Existing enrichment,ACCEPT,
OPT-434,options.routing.profiles,testingGuidance,2,kept,,Negative: vehicles.profile naming a profile not defined here -> 400.,Negative: vehicles.profile naming a profile not defined here -> 400.,Existing enrichment,ACCEPT,
OPT-435,options.routing.profiles,testingGuidance,3,new,Positive,,Positive: omit optional field profiles,Analytical spec deep-dive,ACCEPT,
OPT-436,options.routing.traffic_timestamp,summary,1,kept,,Unix time whose traffic conditions the solver should use.,Unix time whose traffic conditions the solver should use.,Spec: Specify the general time when the job needs to be carried out. The time should be expressed as an UNIX timestamp in seconds format. The solver will take into account the general traffic conditions …,ACCEPT,
OPT-437,options.routing.traffic_timestamp,range,1,kept,,Integer Unix seconds.,Integer Unix seconds.,Spec: Specify the general time when the job needs to be carried out. The time should be expressed as an UNIX timestamp in seconds format. The solver will take into account the general traffic conditions …,ACCEPT,
OPT-438,options.routing.traffic_timestamp,constraints,1,kept,,Non-negative Unix seconds.,Non-negative Unix seconds.,Existing enrichment,ACCEPT,
OPT-439,options.routing.traffic_timestamp,businessRules,1,new,,,traffic_timestamp defines: Specify the general time when the job needs to be carried out. The time should be expressed as an UNIX timestamp in seconds format. The solver will take into account the general traffic conditions …,Analytical business logic extraction,ACCEPT,
OPT-440,options.routing.traffic_timestamp,businessRules,2,new,,,Values in seconds; must be non-negative. Zero means instantaneous.,Analytical business logic extraction,ACCEPT,
OPT-441,options.routing.traffic_timestamp,businessRules,3,new,,,Optional field. Omitting uses solver's default behavior (no penalty).,Analytical business logic extraction,ACCEPT,
OPT-442,options.routing.traffic_timestamp,testingGuidance,1,kept,Positive,Positive: a rush-hour timestamp yields slower travel times.,Positive: a rush-hour timestamp yields slower travel times.,Existing enrichment,ACCEPT,
OPT-443,options.routing.traffic_timestamp,testingGuidance,2,kept,,Behavioral: differing timestamps change ETAs.,Behavioral: differing timestamps change ETAs.,Existing enrichment,ACCEPT,
OPT-444,options.routing.traffic_timestamp,testingGuidance,3,new,Boundary,,Boundary: zero value (0),Analytical spec deep-dive,ACCEPT,
OPT-445,options.routing.traffic_timestamp,testingGuidance,4,new,Boundary,,Boundary: negative value (-1),Analytical spec deep-dive,ACCEPT,
OPT-446,options.routing.traffic_timestamp,testingGuidance,5,new,Boundary,,Boundary: very large value,Analytical spec deep-dive,ACCEPT,
OPT-447,options.routing.traffic_timestamp,testingGuidance,6,new,Positive,,Positive: omit optional field traffic_timestamp,Analytical spec deep-dive,ACCEPT,
OPT-448,options.routing.truck_axle_load,summary,1,kept,,Tonnes per axle for truck routing. mode=truck only.,Tonnes per axle for truck routing. mode=truck only.,"Spec: Specify the total load per axle (including the weight of trailers and shipped goods) of the truck, in tonnes. When used, the optimizer will use only those routes which are legally allowed to carry …",ACCEPT,
OPT-449,options.routing.truck_axle_load,range,1,kept,,Number (tonnes). Requires mode=truck.,Number (tonnes). Requires mode=truck.,"Spec: Specify the total load per axle (including the weight of trailers and shipped goods) of the truck, in tonnes. When used, the optimizer will use only those routes which are legally allowed to carry …",ACCEPT,
OPT-450,options.routing.truck_axle_load,constraints,1,kept,,Requires mode=truck.,Requires mode=truck.,Existing enrichment,ACCEPT,
OPT-451,options.routing.truck_axle_load,constraints,2,kept,,Positive number.,Positive number.,Existing enrichment,ACCEPT,
OPT-452,options.routing.truck_axle_load,businessRules,1,new,,,"truck_axle_load defines: Specify the total load per axle (including the weight of trailers and shipped goods) of the truck, in tonnes. When used, the optimizer will use only those routes which are legally allowed to carry …",Analytical business logic extraction,ACCEPT,
OPT-453,options.routing.truck_axle_load,businessRules,2,new,,,Must stay consistent with: options.routing.mode. Changes here may require validation of those fields.,Analytical business logic extraction,ACCEPT,
OPT-454,options.routing.truck_axle_load,businessRules,3,new,,,Values must be non-negative. Zero means no capacity/demand on that dimension.,Analytical business logic extraction,ACCEPT,
OPT-455,options.routing.truck_axle_load,businessRules,4,new,,,Optional field. Omitting uses solver's default behavior (no penalty).,Analytical business logic extraction,ACCEPT,
OPT-456,options.routing.truck_axle_load,validationRules,1,kept,,truck_axle_load with mode != truck -> 400.,truck_axle_load with mode != truck -> 400.,Existing enrichment,ACCEPT,
OPT-457,options.routing.truck_axle_load,testingGuidance,1,kept,Positive,Positive: 11.5 with mode=truck.,Positive: 11.5 with mode=truck.,Existing enrichment,ACCEPT,
OPT-458,options.routing.truck_axle_load,testingGuidance,2,kept,,Negative: with mode=walk -> 400.,Negative: with mode=walk -> 400.,Existing enrichment,ACCEPT,
OPT-459,options.routing.truck_axle_load,testingGuidance,3,new,Boundary,,Boundary: zero value (0),Analytical spec deep-dive,ACCEPT,
OPT-460,options.routing.truck_axle_load,testingGuidance,4,new,Boundary,,Boundary: negative value (-1),Analytical spec deep-dive,ACCEPT,
OPT-461,options.routing.truck_axle_load,testingGuidance,5,new,Boundary,,Boundary: very large value,Analytical spec deep-dive,ACCEPT,
OPT-462,options.routing.truck_axle_load,testingGuidance,6,new,Positive,,Positive: omit optional field truck_axle_load,Analytical spec deep-dive,ACCEPT,
OPT-463,options.routing.truck_axle_load,testingGuidance,7,new,Interaction,,Interaction: Negative: truck_weight with mode=car -> 400.,Analytical spec deep-dive,ACCEPT,
OPT-464,options.routing.truck_axle_load,testingGuidance,8,new,Interaction,,Interaction: Negative: allow=[taxi] with mode=truck -> 400.,Analytical spec deep-dive,ACCEPT,
OPT-465,options.routing.truck_size,summary,1,kept,,"Truck dimensions ""height,width,length"" in cm. mode=truck only.","Truck dimensions ""height,width,length"" in cm. mode=truck only.","Spec: Specify the truck dimensions, in centimeters, in the format of “height,width,length”. Please note that this parameter is effective only when mode=truck.",ACCEPT,
OPT-466,options.routing.truck_size,range,1,kept,,"String ""H,W,L"" in centimeters. Requires mode=truck.","String ""H,W,L"" in centimeters. Requires mode=truck.","Spec: Specify the truck dimensions, in centimeters, in the format of “height,width,length”. Please note that this parameter is effective only when mode=truck.",ACCEPT,
OPT-467,options.routing.truck_size,constraints,1,kept,,Requires mode=truck.,Requires mode=truck.,Existing enrichment,ACCEPT,
OPT-468,options.routing.truck_size,constraints,2,kept,,"Format ""height,width,length"" in cm.","Format ""height,width,length"" in cm.",Existing enrichment,ACCEPT,
OPT-469,options.routing.truck_size,businessRules,1,new,,,"truck_size defines: Specify the truck dimensions, in centimeters, in the format of “height,width,length”. Please note that this parameter is effective only when mode=truck.",Analytical business logic extraction,ACCEPT,
OPT-470,options.routing.truck_size,businessRules,2,new,,,Must stay consistent with: options.routing.mode. Changes here may require validation of those fields.,Analytical business logic extraction,ACCEPT,
OPT-471,options.routing.truck_size,businessRules,3,new,,,Optional field. Omitting uses solver's default behavior (no penalty).,Analytical business logic extraction,ACCEPT,
OPT-472,options.routing.truck_size,validationRules,1,kept,,truck_size with mode != truck -> 400.,truck_size with mode != truck -> 400.,Existing enrichment,ACCEPT,
OPT-473,options.routing.truck_size,validationRules,2,kept,,Malformed size string -> 400.,Malformed size string -> 400.,Existing enrichment,ACCEPT,
OPT-474,options.routing.truck_size,testingGuidance,1,kept,Positive,"Positive: ""400,250,1600"" with mode=truck.","Positive: ""400,250,1600"" with mode=truck.",Existing enrichment,ACCEPT,
OPT-475,options.routing.truck_size,testingGuidance,2,kept,,Negative: truck_size with mode=car -> 400.,Negative: truck_size with mode=car -> 400.,Existing enrichment,ACCEPT,
OPT-476,options.routing.truck_size,testingGuidance,3,new,Positive,,Positive: omit optional field truck_size,Analytical spec deep-dive,ACCEPT,
OPT-477,options.routing.truck_size,testingGuidance,4,new,Interaction,,Interaction: Negative: truck_weight with mode=car -> 400.,Analytical spec deep-dive,ACCEPT,
OPT-478,options.routing.truck_size,testingGuidance,5,new,Interaction,,Interaction: Negative: allow=[taxi] with mode=truck -> 400.,Analytical spec deep-dive,ACCEPT,
OPT-479,options.routing.truck_weight,summary,1,kept,,Total truck weight in kg (incl. trailers/goods). mode=truck only.,Total truck weight in kg (incl. trailers/goods). mode=truck only.,"Spec: Specify the truck weight including the trailers and shipped goods, in kilograms. Please note that this parameter is effective only when mode=truck.",ACCEPT,
OPT-480,options.routing.truck_weight,range,1,kept,,Integer kg. Requires mode=truck.,Integer kg. Requires mode=truck.,"Spec: Specify the truck weight including the trailers and shipped goods, in kilograms. Please note that this parameter is effective only when mode=truck.",ACCEPT,
OPT-481,options.routing.truck_weight,constraints,1,kept,,Requires mode=truck.,Requires mode=truck.,Existing enrichment,ACCEPT,
OPT-482,options.routing.truck_weight,constraints,2,kept,,Positive integer kg.,Positive integer kg.,Existing enrichment,ACCEPT,
OPT-483,options.routing.truck_weight,businessRules,1,new,,,"truck_weight defines: Specify the truck weight including the trailers and shipped goods, in kilograms. Please note that this parameter is effective only when mode=truck.",Analytical business logic extraction,ACCEPT,
OPT-484,options.routing.truck_weight,businessRules,2,new,,,Must stay consistent with: options.routing.mode. Changes here may require validation of those fields.,Analytical business logic extraction,ACCEPT,
OPT-485,options.routing.truck_weight,businessRules,3,new,,,Numeric field; verify sign (positive/negative) and unit from spec.,Analytical business logic extraction,ACCEPT,
OPT-486,options.routing.truck_weight,businessRules,4,new,,,Optional field. Omitting uses solver's default behavior (no penalty).,Analytical business logic extraction,ACCEPT,
OPT-487,options.routing.truck_weight,validationRules,1,kept,,truck_weight with mode != truck -> 400.,truck_weight with mode != truck -> 400.,Existing enrichment,ACCEPT,
OPT-488,options.routing.truck_weight,testingGuidance,1,kept,Positive,Positive: 18000 kg with mode=truck.,Positive: 18000 kg with mode=truck.,Existing enrichment,ACCEPT,
OPT-489,options.routing.truck_weight,testingGuidance,2,kept,,Negative: truck_weight with mode=bike -> 400.,Negative: truck_weight with mode=bike -> 400.,Existing enrichment,ACCEPT,
OPT-490,options.routing.truck_weight,testingGuidance,3,new,Boundary,,Boundary: zero value (0),Analytical spec deep-dive,ACCEPT,
OPT-491,options.routing.truck_weight,testingGuidance,4,new,Boundary,,Boundary: negative value (-1),Analytical spec deep-dive,ACCEPT,
OPT-492,options.routing.truck_weight,testingGuidance,5,new,Boundary,,Boundary: very large value,Analytical spec deep-dive,ACCEPT,
OPT-493,options.routing.truck_weight,testingGuidance,6,new,Positive,,Positive: omit optional field truck_weight,Analytical spec deep-dive,ACCEPT,
OPT-494,options.routing.truck_weight,testingGuidance,7,new,Interaction,,Interaction: Negative: truck_weight with mode=car -> 400.,Analytical spec deep-dive,ACCEPT,
OPT-495,options.routing.truck_weight,testingGuidance,8,new,Interaction,,Interaction: Negative: allow=[taxi] with mode=truck -> 400.,Analytical spec deep-dive,ACCEPT,
OPT-496,options.webhook.events,summary,1,kept,,Which lifecycle events trigger a webhook POST.,Which lifecycle events trigger a webhook POST.,"Spec: Specify the subscription that you want to subscribe to i.e. receive them on the webhook url configured above. Currently, ""JOB\_CREATED"", ""JOB\_COMPLETED"" and ""JOB\_FAILED"" type events are supported.",ACCEPT,
OPT-497,options.webhook.events,range,1,kept,,Array enum: JOB_COMPLETED | JOB_FAILED (docs also mention JOB_CREATED).,Array enum: JOB_COMPLETED | JOB_FAILED (docs also mention JOB_CREATED).,"Spec: Specify the subscription that you want to subscribe to i.e. receive them on the webhook url configured above. Currently, ""JOB\_CREATED"", ""JOB\_COMPLETED"" and ""JOB\_FAILED"" type events are supported.",ACCEPT,
OPT-498,options.webhook.events,businessRules,1,new,,,"events defines: Specify the subscription that you want to subscribe to i.e. receive them on the webhook url configured above. Currently, ""JOB\_CREATED"", ""JOB\_COMPLETED"" and ""JOB\_FAILED"" type events are supported.",Analytical business logic extraction,ACCEPT,
OPT-499,options.webhook.events,businessRules,2,new,,,Each element in events must be valid and consistent with related fields.,Analytical business logic extraction,ACCEPT,
OPT-500,options.webhook.events,businessRules,3,new,,,"Valid options: JOB_COMPLETED, JOB_FAILED. Each affects solver behavior differently.",Analytical business logic extraction,ACCEPT,
OPT-501,options.webhook.events,businessRules,4,new,,,Must stay consistent with: options.webhook.url. Changes here may require validation of those fields.,Analytical business logic extraction,ACCEPT,
OPT-502,options.webhook.events,businessRules,5,new,,,Optional field. Omitting uses solver's default behavior (no penalty).,Analytical business logic extraction,ACCEPT,
OPT-503,options.webhook.events,validationRules,1,kept,,A value outside the enum set -> 400.,A value outside the enum set -> 400.,Existing enrichment,ACCEPT,
OPT-504,options.webhook.events,testingGuidance,1,kept,Positive,"Positive: [""JOB_COMPLETED"",""JOB_FAILED""].","Positive: [""JOB_COMPLETED"",""JOB_FAILED""].",Existing enrichment,ACCEPT,
OPT-505,options.webhook.events,testingGuidance,2,kept,,Negative: an unknown event -> 400.,Negative: an unknown event -> 400.,Existing enrichment,ACCEPT,
OPT-506,options.webhook.events,testingGuidance,3,new,Positive,,"Positive: test with events set to ""JOB_COMPLETED""",Analytical spec deep-dive,ACCEPT,
OPT-507,options.webhook.events,testingGuidance,4,new,Positive,,"Positive: test with events set to ""JOB_FAILED""",Analytical spec deep-dive,ACCEPT,
OPT-508,options.webhook.events,testingGuidance,5,new,Positive,,Positive: omit optional field events,Analytical spec deep-dive,ACCEPT,
OPT-509,options.webhook,summary,1,kept,,Async status callback configuration.,Async status callback configuration.,Spec: Use this attribute to configure your webhook configurations for receiving status updates about submitted optimization requests. Read more about this attribute in the [Webhook Configurations](https:…,ACCEPT,
OPT-510,options.webhook,range,1,kept,,"Object: { url, events, timeout }.","Object: { url, events, timeout }.",Spec: Use this attribute to configure your webhook configurations for receiving status updates about submitted optimization requests. Read more about this attribute in the [Webhook Configurations](https:…,ACCEPT,
OPT-511,options.webhook,businessRules,1,new,,,webhook defines: Use this attribute to configure your webhook configurations for receiving status updates about submitted optimization requests. Read more about this attribute in the [Webhook Configurations](https:…,Analytical business logic extraction,ACCEPT,
OPT-512,options.webhook,businessRules,2,new,,,"Must stay consistent with: options.webhook.url, options.webhook.events. Changes here may require validation of those fields.",Analytical business logic extraction,ACCEPT,
OPT-513,options.webhook,businessRules,3,new,,,Optional field. Omitting uses solver's default behavior (no penalty).,Analytical business logic extraction,ACCEPT,
OPT-514,options.webhook,testingGuidance,1,kept,Positive,Positive: webhook to an HTTPS endpoint for JOB_COMPLETED.,Positive: webhook to an HTTPS endpoint for JOB_COMPLETED.,Existing enrichment,ACCEPT,
OPT-515,options.webhook,testingGuidance,2,new,Positive,,Positive: omit optional field webhook,Analytical spec deep-dive,ACCEPT,
OPT-516,options.webhook.timeout,summary,1,kept,,Webhook request timeout (seconds); up to 3 retries.,Webhook request timeout (seconds); up to 3 retries.,"Spec: Specify a timeout period, in seconds. The timeout specified here will be used for retries - repeat event notifications - if a successful acknowledgement from the webhook URL is not received within …",ACCEPT,
OPT-517,options.webhook.timeout,range,1,kept,,"Integer seconds. Default 10. Range [1,60].","Integer seconds. Default 10. Range [1,60].","Spec: Specify a timeout period, in seconds. The timeout specified here will be used for retries - repeat event notifications - if a successful acknowledgement from the webhook URL is not received within …",ACCEPT,
OPT-518,options.webhook.timeout,constraints,1,kept,,"Range [1,60].","Range [1,60].",Existing enrichment,ACCEPT,
OPT-519,options.webhook.timeout,businessRules,1,new,,,"timeout defines: Specify a timeout period, in seconds. The timeout specified here will be used for retries - repeat event notifications - if a successful acknowledgement from the webhook URL is not received within …",Analytical business logic extraction,ACCEPT,
OPT-520,options.webhook.timeout,businessRules,2,new,,,Values in seconds; must be non-negative. Zero means instantaneous.,Analytical business logic extraction,ACCEPT,
OPT-521,options.webhook.timeout,businessRules,3,new,,,Optional field. Omitting uses solver's default behavior (no penalty).,Analytical business logic extraction,ACCEPT,
OPT-522,options.webhook.timeout,validationRules,1,kept,,"timeout outside [1,60] -> 400.","timeout outside [1,60] -> 400.",Existing enrichment,ACCEPT,
OPT-523,options.webhook.timeout,testingGuidance,1,kept,Boundary,Boundary: 1 and 60 valid; 0 / 61 -> 400.,Boundary: 1 and 60 valid; 0 / 61 -> 400.,Existing enrichment,ACCEPT,
OPT-524,options.webhook.timeout,testingGuidance,2,new,Boundary,,Boundary: zero value (0),Analytical spec deep-dive,ACCEPT,
OPT-525,options.webhook.timeout,testingGuidance,3,new,Boundary,,Boundary: negative value (-1),Analytical spec deep-dive,ACCEPT,
OPT-526,options.webhook.timeout,testingGuidance,4,new,Boundary,,Boundary: very large value,Analytical spec deep-dive,ACCEPT,
OPT-527,options.webhook.timeout,testingGuidance,5,new,Positive,,Positive: omit optional field timeout,Analytical spec deep-dive,ACCEPT,
OPT-528,options.webhook.url,summary,1,kept,,HTTP(S) endpoint the solver POSTs status events to.,HTTP(S) endpoint the solver POSTs status events to.,Spec: Specify your webhook URL. Please note only HTTP(s) are supported. The URL provided here will be called by the optimization service using a HTTP POST method along with event payload.,ACCEPT,
OPT-529,options.webhook.url,range,1,kept,,String URL (HTTP or HTTPS).,String URL (HTTP or HTTPS).,Spec: Specify your webhook URL. Please note only HTTP(s) are supported. The URL provided here will be called by the optimization service using a HTTP POST method along with event payload.,ACCEPT,
OPT-530,options.webhook.url,constraints,1,kept,,Must be a valid HTTP(S) URL.,Must be a valid HTTP(S) URL.,Existing enrichment,ACCEPT,
OPT-531,options.webhook.url,businessRules,1,new,,,url defines: Specify your webhook URL. Please note only HTTP(s) are supported. The URL provided here will be called by the optimization service using a HTTP POST method along with event payload.,Analytical business logic extraction,ACCEPT,
OPT-532,options.webhook.url,businessRules,2,new,,,Must stay consistent with: options.webhook.events. Changes here may require validation of those fields.,Analytical business logic extraction,ACCEPT,
OPT-533,options.webhook.url,businessRules,3,new,,,Optional field. Omitting uses solver's default behavior (no penalty).,Analytical business logic extraction,ACCEPT,
OPT-534,options.webhook.url,validationRules,1,kept,,A malformed URL -> 400.,A malformed URL -> 400.,Existing enrichment,ACCEPT,
OPT-535,options.webhook.url,testingGuidance,1,kept,Positive,Positive: https callback URL.,Positive: https callback URL.,Existing enrichment,ACCEPT,
OPT-536,options.webhook.url,testingGuidance,2,kept,,Negative: not-a-url -> 400.,Negative: not-a-url -> 400.,Existing enrichment,ACCEPT,
OPT-537,options.webhook.url,testingGuidance,3,new,Positive,,Positive: omit optional field url,Analytical spec deep-dive,ACCEPT,