row_id,path,field,item_index,origin,category_tag,current_text,suggested_text,rationale,decision,sme_notes
-SHP 1.00,shipments.amount,summary,1,kept,,Load carried from a shipment's pickup to its delivery; consumes capacity between the two steps.,Load carried from a shipment's pickup to its delivery; consumes capacity between the two steps.,"Spec: This parameter defines the quantity that needs to be shipped. This attribute supports multidimensional quantities, to support shipment of quantities of different units/dimensions. It is recommended…",ACCEPT,
-SHP 2.00,shipments.amount,range,1,kept,,Array of non-negative integers; dimension count must match vehicles.capacity.,Array of non-negative integers; dimension count must match vehicles.capacity.,"Spec: This parameter defines the quantity that needs to be shipped. This attribute supports multidimensional quantities, to support shipment of quantities of different units/dimensions. It is recommended…",ACCEPT,
-SHP 3.00,shipments.amount,constraints,1,kept,,Non-negative integers.,Non-negative integers.,Existing enrichment,ACCEPT,
-SHP 4.00,shipments.amount,constraints,2,kept,,Dimension count consistent with capacity.,Dimension count consistent with capacity.,Existing enrichment,ACCEPT,
-SHP 5.00,shipments.amount,businessRules,1,kept,,"Load added at pickup, removed at delivery; capacity honored cumulatively while onboard (C1+C4).","Load added at pickup, removed at delivery; capacity honored cumulatively while onboard (C1+C4).",Existing enrichment,ACCEPT,
-SHP 6.00,shipments.amount,businessRules,2,new,,,"amount defines: This parameter defines the quantity that needs to be shipped. This attribute supports multidimensional quantities, to support shipment of quantities of different units/dimensions. It is recommended…",Analytical business logic extraction,ACCEPT,
-SHP 7.00,shipments.amount,businessRules,3,new,,,Each element in amount must be valid and consistent with related fields.,Analytical business logic extraction,ACCEPT,
-SHP 8.00,shipments.amount,businessRules,4,new,,,"Must stay consistent with: vehicles.capacity, shipments.pickup, shipments.delivery. Changes here may require validation of those fields.",Analytical business logic extraction,ACCEPT,
-SHP 9.00,shipments.amount,businessRules,5,new,,,"Rule: Capacity dimensions must match across jobs, shipments, and vehicles.",Analytical business logic extraction,ACCEPT,
-SHP 10.00,shipments.amount,businessRules,6,new,,,Optional field. Omitting uses solver's default behavior (no penalty).,Analytical business logic extraction,ACCEPT,
-SHP 11.00,shipments.amount,validationRules,1,kept,,Negative value -> 400.,Negative value -> 400.,Existing enrichment,ACCEPT,
-SHP 12.00,shipments.amount,validationRules,2,kept,,Dimension mismatch with capacity -> 400.,Dimension mismatch with capacity -> 400.,Existing enrichment,ACCEPT,
-SHP 13.00,shipments.amount,testingGuidance,1,kept,Positive,Positive: amount [3] on capacity [5] carried between the two steps.,Positive: amount [3] on capacity [5] carried between the two steps.,Existing enrichment,ACCEPT,
-SHP 14.00,shipments.amount,testingGuidance,2,kept,Boundary,Boundary: amount equal to capacity (amount [5] on capacity [5]) fits between the steps.,Boundary: amount equal to capacity (amount [5] on capacity [5]) fits between the steps.,Existing enrichment,ACCEPT,
-SHP 15.00,shipments.amount,testingGuidance,3,kept,,"Multi-dimension: amount [2,3] on capacity [10,10] within both dimensions.","Multi-dimension: amount [2,3] on capacity [10,10] within both dimensions.",Existing enrichment,ACCEPT,
-SHP 16.00,shipments.amount,testingGuidance,4,kept,Negative-validation,Negative-validation: negative amount like [-1] -> 400.,Negative-validation: negative amount like [-1] -> 400.,Existing enrichment,ACCEPT,
-SHP 17.00,shipments.amount,testingGuidance,5,kept,Negative-validation,Negative-validation: amount dimension count != capacity dimension count -> 400.,Negative-validation: amount dimension count != capacity dimension count -> 400.,Existing enrichment,ACCEPT,
-SHP 18.00,shipments.amount,testingGuidance,6,kept,Negative-infeasible,Negative-infeasible: two shipments each amount [3] onboard together on capacity [5] -> one deferred (6>5).,Negative-infeasible: two shipments each amount [3] onboard together on capacity [5] -> one deferred (6>5).,Existing enrichment,ACCEPT,
-SHP 19.00,shipments.amount,testingGuidance,7,new,Positive,,Positive: omit optional field amount,Analytical spec deep-dive,ACCEPT,
-SHP 20.00,shipments.amount,testingGuidance,8,new,Interaction,,"Interaction: Negative: capacity [10,100] but a job delivery [5] (1 dim vs 2) -> HTTP 400 input validation failed.",Analytical spec deep-dive,ACCEPT,
-SHP 21.00,shipments.amount,testingGuidance,9,new,Interaction,,"Interaction: Positive: capacity [10,100] with all deliveries/pickups/amounts 2-dimensional -> accepted.",Analytical spec deep-dive,ACCEPT,
-SHP 22.00,shipments.amount,testingGuidance,10,new,Interaction,,Interaction: Consistency: alternative_capacities with different dimension than primary capacity -> HTTP 400.,Analytical spec deep-dive,ACCEPT,
-SHP 23.00,shipments.amount,testingGuidance,11,new,Interaction,,"Interaction: Consistency: min_stop_load [20,30] but capacity [10,100] only -> dimension mismatch HTTP 400.",Analytical spec deep-dive,ACCEPT,
-SHP 24.00,shipments.amount,testingGuidance,12,new,Interaction,,Interaction: Infeasible: delivery time window earlier than the pickup window -> precedence infeasible -> both unassigned.,Analytical spec deep-dive,ACCEPT,
-SHP 25.00,shipments.amount,testingGuidance,13,new,Interaction,,Interaction: Infeasible: two amount [3] shipments onboard together on capacity [5] -> one deferred by capacity.,Analytical spec deep-dive,ACCEPT,
-SHP 26.00,shipments.amount,testingGuidance,14,new,Interaction,,"Interaction: Precedence: pickup [10:00,11:00], delivery [09:00,09:30] (delivery before pickup) -> both unassigned.",Analytical spec deep-dive,ACCEPT,
-SHP 27.00,shipments.delivery,summary,1,kept,,"The delivery step of a shipment: where/when the load is dropped. Required, occurs after the pickup.","The delivery step of a shipment: where/when the load is dropped. Required, occurs after the pickup.",Spec: Specify the details of the delivery step of the shipment.,ACCEPT,
-SHP 28.00,shipments.delivery,range,1,kept,,"Object: { id (req), location_index (req), service?, time_windows?, setup?, sequence_order?, max_visit_lateness? }.","Object: { id (req), location_index (req), service?, time_windows?, setup?, sequence_order?, max_visit_lateness? }.",Spec: Specify the details of the delivery step of the shipment.,ACCEPT,
-SHP 29.00,shipments.delivery,constraints,1,kept,,Required.,Required.,Existing enrichment,ACCEPT,
-SHP 30.00,shipments.delivery,constraints,2,kept,,Requires id and location_index.,Requires id and location_index.,Existing enrichment,ACCEPT,
-SHP 31.00,shipments.delivery,businessRules,1,kept,,Occurs after the pickup on the same vehicle; may share the pickup's location_index (zero-distance).,Occurs after the pickup on the same vehicle; may share the pickup's location_index (zero-distance).,Existing enrichment,ACCEPT,
-SHP 32.00,shipments.delivery,businessRules,2,new,,,delivery defines: Specify the details of the delivery step of the shipment.,Analytical business logic extraction,ACCEPT,
-SHP 33.00,shipments.delivery,businessRules,3,new,,,"Must stay consistent with: shipments.pickup, shipments.delivery.location_index. Changes here may require validation of those fields.",Analytical business logic extraction,ACCEPT,
-SHP 34.00,shipments.delivery,businessRules,4,new,,,"Rule: Capacity dimensions must match across jobs, shipments, and vehicles.",Analytical business logic extraction,ACCEPT,
-SHP 35.00,shipments.delivery,businessRules,5,new,,,Required field. Missing causes HTTP 400 validation error.,Analytical business logic extraction,ACCEPT,
-SHP 36.00,shipments.delivery,validationRules,1,kept,,Missing delivery -> 400.,Missing delivery -> 400.,Existing enrichment,ACCEPT,
-SHP 37.00,shipments.delivery,testingGuidance,1,kept,Positive,Positive: delivery reachable after pickup.,Positive: delivery reachable after pickup.,Existing enrichment,ACCEPT,
-SHP 38.00,shipments.delivery,testingGuidance,2,kept,,Infeasible: delivery window unreachable after pickup+travel -> both steps unassigned.,Infeasible: delivery window unreachable after pickup+travel -> both steps unassigned.,Existing enrichment,ACCEPT,
-SHP 39.00,shipments.delivery,testingGuidance,3,new,Interaction,,Interaction: Infeasible: delivery time window earlier than the pickup window -> precedence infeasible -> both unassigned.,Analytical spec deep-dive,ACCEPT,
-SHP 40.00,shipments.delivery,testingGuidance,4,new,Interaction,,Interaction: Infeasible: two amount [3] shipments onboard together on capacity [5] -> one deferred by capacity.,Analytical spec deep-dive,ACCEPT,
-SHP 41.00,shipments.delivery,testingGuidance,5,new,Interaction,,"Interaction: Precedence: pickup [10:00,11:00], delivery [09:00,09:30] (delivery before pickup) -> both unassigned.",Analytical spec deep-dive,ACCEPT,
-SHP 42.00,shipments.delivery.location_index,summary,1,kept,,Index into locations.location for the shipment's delivery step. Required.,Index into locations.location for the shipment's delivery step. Required.,"Spec: Indicate the index of location for this shipment delivery. The index references the locations present in the location array. The valid range of value is \[0, length of location array). Please note …",ACCEPT,
-SHP 43.00,shipments.delivery.location_index,range,1,kept,,"Required integer in [0, len(location)). May equal the pickup index (zero-distance leg).","Required integer in [0, len(location)). May equal the pickup index (zero-distance leg).","Spec: Indicate the index of location for this shipment delivery. The index references the locations present in the location array. The valid range of value is \[0, length of location array). Please note …",ACCEPT,
-SHP 44.00,shipments.delivery.location_index,constraints,1,kept,,Required.,Required.,Existing enrichment,ACCEPT,
-SHP 45.00,shipments.delivery.location_index,constraints,2,kept,,"Range [0, len(location)).","Range [0, len(location)).",Existing enrichment,ACCEPT,
-SHP 46.00,shipments.delivery.location_index,constraints,3,kept,,Integer only.,Integer only.,Existing enrichment,ACCEPT,
-SHP 47.00,shipments.delivery.location_index,businessRules,1,kept,,Delivery step must occur AFTER the pickup step on the same vehicle (C4).,Delivery step must occur AFTER the pickup step on the same vehicle (C4).,Existing enrichment,ACCEPT,
-SHP 48.00,shipments.delivery.location_index,businessRules,2,new,,,"location_index defines: Indicate the index of location for this shipment delivery. The index references the locations present in the location array. The valid range of value is \[0, length of location array). Please note …",Analytical business logic extraction,ACCEPT,
-SHP 49.00,shipments.delivery.location_index,businessRules,3,new,,,"Must stay consistent with: locations.location, shipments.pickup.location_index. Changes here may require validation of those fields.",Analytical business logic extraction,ACCEPT,
-SHP 50.00,shipments.delivery.location_index,businessRules,4,new,,,"Rule: Capacity dimensions must match across jobs, shipments, and vehicles.",Analytical business logic extraction,ACCEPT,
-SHP 51.00,shipments.delivery.location_index,businessRules,5,new,,,Numeric field; verify sign (positive/negative) and unit from spec.,Analytical business logic extraction,ACCEPT,
-SHP 52.00,shipments.delivery.location_index,businessRules,6,new,,,Optional field. Omitting uses solver's default behavior (no penalty).,Analytical business logic extraction,ACCEPT,
-SHP 53.00,shipments.delivery.location_index,validationRules,1,kept,,Missing -> 400.,Missing -> 400.,Existing enrichment,ACCEPT,
-SHP 54.00,shipments.delivery.location_index,validationRules,2,kept,,Out of range (>= len or < 0) -> 400.,Out of range (>= len or < 0) -> 400.,Existing enrichment,ACCEPT,
-SHP 55.00,shipments.delivery.location_index,validationRules,3,kept,,Non-integer -> 400 type error.,Non-integer -> 400 type error.,Existing enrichment,ACCEPT,
-SHP 56.00,shipments.delivery.location_index,testingGuidance,1,kept,Positive,Positive: delivery index differs from pickup and is served after it.,Positive: delivery index differs from pickup and is served after it.,Existing enrichment,ACCEPT,
-SHP 57.00,shipments.delivery.location_index,testingGuidance,2,kept,Boundary,"Boundary: delivery index == pickup index (valid, zero-distance leg).","Boundary: delivery index == pickup index (valid, zero-distance leg).",Existing enrichment,ACCEPT,
-SHP 58.00,shipments.delivery.location_index,testingGuidance,3,kept,Negative-validation,Negative-validation: delivery index == len(location) -> 400 (out of range).,Negative-validation: delivery index == len(location) -> 400 (out of range).,Existing enrichment,ACCEPT,
-SHP 59.00,shipments.delivery.location_index,testingGuidance,4,kept,Negative-validation,Negative-validation: missing delivery location_index -> 400.,Negative-validation: missing delivery location_index -> 400.,Existing enrichment,ACCEPT,
-SHP 60.00,shipments.delivery.location_index,testingGuidance,5,kept,Negative-validation,Negative-validation: non-integer delivery index -> 400 type error.,Negative-validation: non-integer delivery index -> 400 type error.,Existing enrichment,ACCEPT,
-SHP 61.00,shipments.delivery.location_index,testingGuidance,6,kept,Negative-infeasible,Negative-infeasible: delivery window earlier than the pickup window -> precedence infeasible -> both steps unassigned.,Negative-infeasible: delivery window earlier than the pickup window -> precedence infeasible -> both steps unassigned.,Existing enrichment,ACCEPT,
-SHP 62.00,shipments.delivery.location_index,testingGuidance,7,new,Boundary,,Boundary: zero value (0),Analytical spec deep-dive,ACCEPT,
-SHP 63.00,shipments.delivery.location_index,testingGuidance,8,new,Boundary,,Boundary: negative value (-1),Analytical spec deep-dive,ACCEPT,
-SHP 64.00,shipments.delivery.location_index,testingGuidance,9,new,Boundary,,Boundary: very large value,Analytical spec deep-dive,ACCEPT,
-SHP 65.00,shipments.delivery.location_index,testingGuidance,10,new,Positive,,Positive: omit optional field location_index,Analytical spec deep-dive,ACCEPT,
-SHP 66.00,shipments.delivery.location_index,testingGuidance,11,new,Interaction,,Interaction: Negative: a job location_index equal to len(location) -> 400.,Analytical spec deep-dive,ACCEPT,
-SHP 67.00,shipments.delivery.location_index,testingGuidance,12,new,Interaction,,"Interaction: Negative: a non-integer index like ""first"" -> 400 type error.",Analytical spec deep-dive,ACCEPT,
-SHP 68.00,shipments.delivery.location_index,testingGuidance,13,new,Interaction,,Interaction: Infeasible: delivery time window earlier than the pickup window -> precedence infeasible -> both unassigned.,Analytical spec deep-dive,ACCEPT,
-SHP 69.00,shipments.delivery.location_index,testingGuidance,14,new,Interaction,,Interaction: Infeasible: two amount [3] shipments onboard together on capacity [5] -> one deferred by capacity.,Analytical spec deep-dive,ACCEPT,
-SHP 70.00,shipments.delivery.location_index,testingGuidance,15,new,Interaction,,"Interaction: Precedence: pickup [10:00,11:00], delivery [09:00,09:30] (delivery before pickup) -> both unassigned.",Analytical spec deep-dive,ACCEPT,
-SHP 71.00,shipments.delivery.max_visit_lateness,summary,1,kept,,Tolerated lateness for the delivery step; overrides the global value.,Tolerated lateness for the delivery step; overrides the global value.,"Spec: It determines the allowable delay, in seconds, to begin a shipment delivery after its designated time window has concluded. Please note that this parameter would override the constraint.max_visit_l…",ACCEPT,
-SHP 72.00,shipments.delivery.max_visit_lateness,range,1,kept,,Non-negative integer seconds.,Non-negative integer seconds.,"Spec: It determines the allowable delay, in seconds, to begin a shipment delivery after its designated time window has concluded. Please note that this parameter would override the constraint.max_visit_l…",ACCEPT,
-SHP 73.00,shipments.delivery.max_visit_lateness,constraints,1,kept,,Non-negative integer seconds.,Non-negative integer seconds.,Existing enrichment,ACCEPT,
-SHP 74.00,shipments.delivery.max_visit_lateness,businessRules,1,kept,,Lateness beyond it makes the delivery (and the pair) infeasible.,Lateness beyond it makes the delivery (and the pair) infeasible.,Existing enrichment,ACCEPT,
-SHP 75.00,shipments.delivery.max_visit_lateness,businessRules,2,new,,,"max_visit_lateness defines: It determines the allowable delay, in seconds, to begin a shipment delivery after its designated time window has concluded. Please note that this parameter would override the constraint.max_visit_l…",Analytical business logic extraction,ACCEPT,
-SHP 76.00,shipments.delivery.max_visit_lateness,businessRules,3,new,,,Must stay consistent with: shipments.delivery.time_windows. Changes here may require validation of those fields.,Analytical business logic extraction,ACCEPT,
-SHP 77.00,shipments.delivery.max_visit_lateness,businessRules,4,new,,,Rule: Shipments: pickup always occurs before delivery on the route.,Analytical business logic extraction,ACCEPT,
-SHP 78.00,shipments.delivery.max_visit_lateness,businessRules,5,new,,,Numeric field; verify sign (positive/negative) and unit from spec.,Analytical business logic extraction,ACCEPT,
-SHP 79.00,shipments.delivery.max_visit_lateness,businessRules,6,new,,,Optional field. Omitting uses solver's default behavior (no penalty).,Analytical business logic extraction,ACCEPT,
-SHP 80.00,shipments.delivery.max_visit_lateness,testingGuidance,1,kept,,Infeasible: delivery unreachable within window + tolerance -> pair unassigned.,Infeasible: delivery unreachable within window + tolerance -> pair unassigned.,Existing enrichment,ACCEPT,
-SHP 81.00,shipments.delivery.max_visit_lateness,testingGuidance,2,new,Boundary,,Boundary: zero value (0),Analytical spec deep-dive,ACCEPT,
-SHP 82.00,shipments.delivery.max_visit_lateness,testingGuidance,3,new,Boundary,,Boundary: negative value (-1),Analytical spec deep-dive,ACCEPT,
-SHP 83.00,shipments.delivery.max_visit_lateness,testingGuidance,4,new,Boundary,,Boundary: very large value,Analytical spec deep-dive,ACCEPT,
-SHP 84.00,shipments.delivery.max_visit_lateness,testingGuidance,5,new,Positive,,Positive: omit optional field max_visit_lateness,Analytical spec deep-dive,ACCEPT,
-SHP 85.00,shipments.delivery.max_visit_lateness,testingGuidance,6,new,Interaction,,"Interaction: Infeasible: job window [09:00,09:30], max_visit_lateness 0, nearest vehicle arrives 09:45 -> unassigned.",Analytical spec deep-dive,ACCEPT,
-SHP 86.00,shipments.delivery.max_visit_lateness,testingGuidance,7,new,Interaction,,Interaction: Interaction: a long wait for a late window pushes route end past the shift -> unassigned (couples with max-duration-distance-cap).,Analytical spec deep-dive,ACCEPT,
-SHP 87.00,shipments.delivery.max_visit_lateness,testingGuidance,8,new,Interaction,,"Interaction: Shipment: delivery window [09:00,09:30], max_visit_lateness 15, nearest vehicle arrives 09:40 -> accepted within lateness.",Analytical spec deep-dive,ACCEPT,
-SHP 88.00,shipments.delivery.max_visit_lateness,testingGuidance,9,new,Interaction,,"Interaction: Break: break time_windows [12:00,13:00], vehicle arrives 12:30 -> break scheduled at 12:30.",Analytical spec deep-dive,ACCEPT,
-SHP 89.00,shipments.delivery.sequence_order,summary,1,kept,,Ordering value of the delivery step; must be >= the pickup's sequence_order.,Ordering value of the delivery step; must be >= the pickup's sequence_order.,"Spec: Use this parameter to prioritize completing the shipment delivery relative to certain other tasks. A task configured with a sequence_order of 2 will be done after the task with sequence_order of 1,…",ACCEPT,
-SHP 90.00,shipments.delivery.sequence_order,range,1,kept,,"Integer in [0,100]. delivery.sequence_order >= pickup.sequence_order.","Integer in [0,100]. delivery.sequence_order >= pickup.sequence_order.","Spec: Use this parameter to prioritize completing the shipment delivery relative to certain other tasks. A task configured with a sequence_order of 2 will be done after the task with sequence_order of 1,…",ACCEPT,
-SHP 91.00,shipments.delivery.sequence_order,constraints,1,kept,,"[0,100]; delivery value >= pickup value.","[0,100]; delivery value >= pickup value.",Existing enrichment,ACCEPT,
-SHP 92.00,shipments.delivery.sequence_order,businessRules,1,new,,,"sequence_order defines: Use this parameter to prioritize completing the shipment delivery relative to certain other tasks. A task configured with a sequence_order of 2 will be done after the task with sequence_order of 1,…",Analytical business logic extraction,ACCEPT,
-SHP 93.00,shipments.delivery.sequence_order,businessRules,2,new,,,Must stay consistent with: shipments.pickup.sequence_order. Changes here may require validation of those fields.,Analytical business logic extraction,ACCEPT,
-SHP 94.00,shipments.delivery.sequence_order,businessRules,3,new,,,"Rule: Capacity dimensions must match across jobs, shipments, and vehicles.",Analytical business logic extraction,ACCEPT,
-SHP 95.00,shipments.delivery.sequence_order,businessRules,4,new,,,Numeric field; verify sign (positive/negative) and unit from spec.,Analytical business logic extraction,ACCEPT,
-SHP 96.00,shipments.delivery.sequence_order,businessRules,5,new,,,Optional field. Omitting uses solver's default behavior (no penalty).,Analytical business logic extraction,ACCEPT,
-SHP 97.00,shipments.delivery.sequence_order,validationRules,1,kept,,delivery.sequence_order < pickup.sequence_order -> 400.,delivery.sequence_order < pickup.sequence_order -> 400.,Existing enrichment,ACCEPT,
-SHP 98.00,shipments.delivery.sequence_order,testingGuidance,1,kept,,Negative: delivery order less than pickup order -> 400.,Negative: delivery order less than pickup order -> 400.,Existing enrichment,ACCEPT,
-SHP 99.00,shipments.delivery.sequence_order,testingGuidance,2,new,Boundary,,Boundary: zero value (0),Analytical spec deep-dive,ACCEPT,
-SHP 100.00,shipments.delivery.sequence_order,testingGuidance,3,new,Boundary,,Boundary: negative value (-1),Analytical spec deep-dive,ACCEPT,
-SHP 101.00,shipments.delivery.sequence_order,testingGuidance,4,new,Boundary,,Boundary: very large value,Analytical spec deep-dive,ACCEPT,
-SHP 102.00,shipments.delivery.sequence_order,testingGuidance,5,new,Positive,,Positive: omit optional field sequence_order,Analytical spec deep-dive,ACCEPT,
-SHP 103.00,shipments.delivery.sequence_order,testingGuidance,6,new,Interaction,,Interaction: Infeasible: delivery time window earlier than the pickup window -> precedence infeasible -> both unassigned.,Analytical spec deep-dive,ACCEPT,
-SHP 104.00,shipments.delivery.sequence_order,testingGuidance,7,new,Interaction,,Interaction: Infeasible: two amount [3] shipments onboard together on capacity [5] -> one deferred by capacity.,Analytical spec deep-dive,ACCEPT,
-SHP 105.00,shipments.delivery.sequence_order,testingGuidance,8,new,Interaction,,"Interaction: Precedence: pickup [10:00,11:00], delivery [09:00,09:30] (delivery before pickup) -> both unassigned.",Analytical spec deep-dive,ACCEPT,
-SHP 106.00,shipments.delivery.service,summary,1,kept,,Service/dwell time at the delivery step (seconds).,Service/dwell time at the delivery step (seconds).,"Spec: Provide the time duration, in seconds, needed to complete the shipment delivery. Default value is 0.",ACCEPT,
-SHP 107.00,shipments.delivery.service,range,1,kept,,Non-negative integer seconds. Default 0.,Non-negative integer seconds. Default 0.,"Spec: Provide the time duration, in seconds, needed to complete the shipment delivery. Default value is 0.",ACCEPT,
-SHP 108.00,shipments.delivery.service,constraints,1,kept,,Non-negative integer seconds.,Non-negative integer seconds.,Existing enrichment,ACCEPT,
-SHP 109.00,shipments.delivery.service,businessRules,1,new,,,"service defines: Provide the time duration, in seconds, needed to complete the shipment delivery. Default value is 0.",Analytical business logic extraction,ACCEPT,
-SHP 110.00,shipments.delivery.service,businessRules,2,new,,,Must stay consistent with: shipments.delivery.time_windows. Changes here may require validation of those fields.,Analytical business logic extraction,ACCEPT,
-SHP 111.00,shipments.delivery.service,businessRules,3,new,,,Numeric field; verify sign (positive/negative) and unit from spec.,Analytical business logic extraction,ACCEPT,
-SHP 112.00,shipments.delivery.service,businessRules,4,new,,,Optional field. Omitting uses solver's default behavior (no penalty).,Analytical business logic extraction,ACCEPT,
-SHP 113.00,shipments.delivery.service,testingGuidance,1,kept,Positive,Positive: delivery service 300.,Positive: delivery service 300.,Existing enrichment,ACCEPT,
-SHP 114.00,shipments.delivery.service,testingGuidance,2,new,Boundary,,Boundary: zero value (0),Analytical spec deep-dive,ACCEPT,
-SHP 115.00,shipments.delivery.service,testingGuidance,3,new,Boundary,,Boundary: negative value (-1),Analytical spec deep-dive,ACCEPT,
-SHP 116.00,shipments.delivery.service,testingGuidance,4,new,Boundary,,Boundary: very large value,Analytical spec deep-dive,ACCEPT,
-SHP 117.00,shipments.delivery.service,testingGuidance,5,new,Positive,,Positive: omit optional field service,Analytical spec deep-dive,ACCEPT,
-SHP 118.00,shipments.delivery.setup,summary,1,kept,,One-time setup time at the delivery location (seconds).,One-time setup time at the delivery location (seconds).,"Spec: Specify the set-up duration, in seconds, for the delivery. setup is the one-time effort needed apart from working on the original task- for example, effort to record some information for compliance…",ACCEPT,
-SHP 119.00,shipments.delivery.setup,range,1,kept,,Non-negative integer seconds.,Non-negative integer seconds.,"Spec: Specify the set-up duration, in seconds, for the delivery. setup is the one-time effort needed apart from working on the original task- for example, effort to record some information for compliance…",ACCEPT,
-SHP 120.00,shipments.delivery.setup,constraints,1,kept,,Non-negative integer seconds.,Non-negative integer seconds.,Existing enrichment,ACCEPT,
-SHP 121.00,shipments.delivery.setup,businessRules,1,new,,,"setup defines: Specify the set-up duration, in seconds, for the delivery. setup is the one-time effort needed apart from working on the original task- for example, effort to record some information for compliance…",Analytical business logic extraction,ACCEPT,
-SHP 122.00,shipments.delivery.setup,businessRules,2,new,,,Must stay consistent with: shipments.delivery.service. Changes here may require validation of those fields.,Analytical business logic extraction,ACCEPT,
-SHP 123.00,shipments.delivery.setup,businessRules,3,new,,,Numeric field; verify sign (positive/negative) and unit from spec.,Analytical business logic extraction,ACCEPT,
-SHP 124.00,shipments.delivery.setup,businessRules,4,new,,,Optional field. Omitting uses solver's default behavior (no penalty).,Analytical business logic extraction,ACCEPT,
-SHP 125.00,shipments.delivery.setup,testingGuidance,1,kept,Positive,Positive: delivery setup 60.,Positive: delivery setup 60.,Existing enrichment,ACCEPT,
-SHP 126.00,shipments.delivery.setup,testingGuidance,2,new,Boundary,,Boundary: zero value (0),Analytical spec deep-dive,ACCEPT,
-SHP 127.00,shipments.delivery.setup,testingGuidance,3,new,Boundary,,Boundary: negative value (-1),Analytical spec deep-dive,ACCEPT,
-SHP 128.00,shipments.delivery.setup,testingGuidance,4,new,Boundary,,Boundary: very large value,Analytical spec deep-dive,ACCEPT,
-SHP 129.00,shipments.delivery.setup,testingGuidance,5,new,Positive,,Positive: omit optional field setup,Analytical spec deep-dive,ACCEPT,
-SHP 130.00,shipments.delivery.time_windows,summary,1,kept,,Allowed start windows for the shipment's delivery step.,Allowed start windows for the shipment's delivery step.,Spec: Describe time periods within which the shipment delivery should start. The time periods should be expressed as a UNIX timestamp in seconds. Please note that the time periods should not overlap with…,ACCEPT,
-SHP 131.00,shipments.delivery.time_windows,range,1,kept,,"Array of [start,end] Unix-second pairs; each start <= end. Overlapping windows allowed (shared time-window model, C2).","Array of [start,end] Unix-second pairs; each start <= end. Overlapping windows allowed (shared time-window model, C2).",Spec: Describe time periods within which the shipment delivery should start. The time periods should be expressed as a UNIX timestamp in seconds. Please note that the time periods should not overlap with…,ACCEPT,
-SHP 132.00,shipments.delivery.time_windows,constraints,1,kept,,Each start <= end; non-negative Unix seconds (C2).,Each start <= end; non-negative Unix seconds (C2).,Existing enrichment,ACCEPT,
-SHP 133.00,shipments.delivery.time_windows,businessRules,1,kept,,Delivery window must be reachable AFTER the pickup for the pair to be feasible (C4).,Delivery window must be reachable AFTER the pickup for the pair to be feasible (C4).,Existing enrichment,ACCEPT,
-SHP 134.00,shipments.delivery.time_windows,businessRules,2,new,,,time_windows defines: Describe time periods within which the shipment delivery should start. The time periods should be expressed as a UNIX timestamp in seconds. Please note that the time periods should not overlap with…,Analytical business logic extraction,ACCEPT,
-SHP 135.00,shipments.delivery.time_windows,businessRules,3,new,,,Each element in time_windows must be valid and consistent with related fields.,Analytical business logic extraction,ACCEPT,
-SHP 136.00,shipments.delivery.time_windows,businessRules,4,new,,,Must stay consistent with: shipments.pickup.time_windows. Changes here may require validation of those fields.,Analytical business logic extraction,ACCEPT,
-SHP 137.00,shipments.delivery.time_windows,businessRules,5,new,,,"Rule: Capacity dimensions must match across jobs, shipments, and vehicles.",Analytical business logic extraction,ACCEPT,
-SHP 138.00,shipments.delivery.time_windows,businessRules,6,new,,,Rule: Shipments: pickup always occurs before delivery on the route.,Analytical business logic extraction,ACCEPT,
-SHP 139.00,shipments.delivery.time_windows,businessRules,7,new,,,Optional field. Omitting uses solver's default behavior (no penalty).,Analytical business logic extraction,ACCEPT,
-SHP 140.00,shipments.delivery.time_windows,validationRules,1,kept,,A window with end < start -> 400 input validation failed (C2 shared model; API Facts §4).,A window with end < start -> 400 input validation failed (C2 shared model; API Facts §4).,Existing enrichment,ACCEPT,
-SHP 141.00,shipments.delivery.time_windows,testingGuidance,1,kept,Positive,Positive: delivery step served within a reachable window after the pickup (C4).,Positive: delivery step served within a reachable window after the pickup (C4).,Existing enrichment,ACCEPT,
-SHP 142.00,shipments.delivery.time_windows,testingGuidance,2,kept,Boundary,"Boundary: instant delivery window [t,t] reachable after pickup+travel (C2 edge case).","Boundary: instant delivery window [t,t] reachable after pickup+travel (C2 edge case).",Existing enrichment,ACCEPT,
-SHP 143.00,shipments.delivery.time_windows,testingGuidance,3,kept,Negative-validation,Negative-validation: a delivery window with end < start -> 400 (C2).,Negative-validation: a delivery window with end < start -> 400 (C2).,Existing enrichment,ACCEPT,
-SHP 144.00,shipments.delivery.time_windows,testingGuidance,4,kept,Negative-infeasible,Negative-infeasible: delivery window unreachable after pickup+travel -> whole pair unassigned (C4 edge case).,Negative-infeasible: delivery window unreachable after pickup+travel -> whole pair unassigned (C4 edge case).,Existing enrichment,ACCEPT,
-SHP 145.00,shipments.delivery.time_windows,testingGuidance,5,kept,Negative-infeasible,Negative-infeasible: delivery window earlier than the pickup window -> precedence infeasible -> both steps unassigned (C4 edge case).,Negative-infeasible: delivery window earlier than the pickup window -> precedence infeasible -> both steps unassigned (C4 edge case).,Existing enrichment,ACCEPT,
-SHP 146.00,shipments.delivery.time_windows,testingGuidance,6,new,Positive,,Positive: omit optional field time_windows,Analytical spec deep-dive,ACCEPT,
-SHP 147.00,shipments.delivery.time_windows,testingGuidance,7,new,Interaction,,Interaction: Infeasible: delivery time window earlier than the pickup window -> precedence infeasible -> both unassigned.,Analytical spec deep-dive,ACCEPT,
-SHP 148.00,shipments.delivery.time_windows,testingGuidance,8,new,Interaction,,Interaction: Infeasible: two amount [3] shipments onboard together on capacity [5] -> one deferred by capacity.,Analytical spec deep-dive,ACCEPT,
-SHP 149.00,shipments.delivery.time_windows,testingGuidance,9,new,Interaction,,"Interaction: Precedence: pickup [10:00,11:00], delivery [09:00,09:30] (delivery before pickup) -> both unassigned.",Analytical spec deep-dive,ACCEPT,
-SHP 150.00,shipments.delivery.time_windows,testingGuidance,10,new,Interaction,,"Interaction: Infeasible: job window [09:00,09:30], max_visit_lateness 0, nearest vehicle arrives 09:45 -> unassigned.",Analytical spec deep-dive,ACCEPT,
-SHP 151.00,shipments.delivery.time_windows,testingGuidance,11,new,Interaction,,Interaction: Interaction: a long wait for a late window pushes route end past the shift -> unassigned (couples with max-duration-distance-cap).,Analytical spec deep-dive,ACCEPT,
-SHP 152.00,shipments.delivery.time_windows,testingGuidance,12,new,Interaction,,"Interaction: Shipment: delivery window [09:00,09:30], max_visit_lateness 15, nearest vehicle arrives 09:40 -> accepted within lateness.",Analytical spec deep-dive,ACCEPT,
-SHP 153.00,shipments.delivery.time_windows,testingGuidance,13,new,Interaction,,"Interaction: Break: break time_windows [12:00,13:00], vehicle arrives 12:30 -> break scheduled at 12:30.",Analytical spec deep-dive,ACCEPT,
-SHP 154.00,shipments.follow_lifo_order,summary,1,kept,,Enforce last-in-first-out loading/unloading for the shipment.,Enforce last-in-first-out loading/unloading for the shipment.,"Spec: Specify whether the shipment route should follow LIFO (last in, first out). Use this parameter when the loading or unloading sequence of cargo is important. The default value is \false\.",ACCEPT,
-SHP 155.00,shipments.follow_lifo_order,range,1,kept,,Boolean. Default false.,Boolean. Default false.,"Spec: Specify whether the shipment route should follow LIFO (last in, first out). Use this parameter when the loading or unloading sequence of cargo is important. The default value is \false\.",ACCEPT,
-SHP 156.00,shipments.follow_lifo_order,businessRules,1,new,,,"follow_lifo_order defines: Specify whether the shipment route should follow LIFO (last in, first out). Use this parameter when the loading or unloading sequence of cargo is important. The default value is \false\.",Analytical business logic extraction,ACCEPT,
-SHP 157.00,shipments.follow_lifo_order,businessRules,2,new,,,Optional field. Omitting uses solver's default behavior (no penalty).,Analytical business logic extraction,ACCEPT,
-SHP 158.00,shipments.follow_lifo_order,testingGuidance,1,kept,Positive,Positive: follow_lifo_order true respected across concurrent shipments.,Positive: follow_lifo_order true respected across concurrent shipments.,Existing enrichment,ACCEPT,
-SHP 159.00,shipments.follow_lifo_order,testingGuidance,2,kept,Boundary,Boundary: default false.,Boundary: default false.,Existing enrichment,ACCEPT,
-SHP 160.00,shipments.follow_lifo_order,testingGuidance,3,new,Positive,,Positive: omit optional field follow_lifo_order,Analytical spec deep-dive,ACCEPT,
-SHP 161.00,shipments.incompatible_load_types,summary,1,kept,,Load types that cannot share the vehicle's cargo history with this shipment.,Load types that cannot share the vehicle's cargo history with this shipment.,"Spec: Use this parameter to specify the type of loads which are incompatible with the shipment’s load type. Once this property is configured, the shipment can only be serviced by a vehicle which has not …",ACCEPT,
-SHP 162.00,shipments.incompatible_load_types,range,1,kept,,Array of string tags.,Array of string tags.,"Spec: Use this parameter to specify the type of loads which are incompatible with the shipment’s load type. Once this property is configured, the shipment can only be serviced by a vehicle which has not …",ACCEPT,
-SHP 163.00,shipments.incompatible_load_types,businessRules,1,kept,,"If any onboard/scheduled load matches an incompatible type, the shipment can't be co-assigned.","If any onboard/scheduled load matches an incompatible type, the shipment can't be co-assigned.",Existing enrichment,ACCEPT,
-SHP 164.00,shipments.incompatible_load_types,businessRules,2,new,,,"incompatible_load_types defines: Use this parameter to specify the type of loads which are incompatible with the shipment’s load type. Once this property is configured, the shipment can only be serviced by a vehicle which has not …",Analytical business logic extraction,ACCEPT,
-SHP 165.00,shipments.incompatible_load_types,businessRules,3,new,,,Each element in incompatible_load_types must be valid and consistent with related fields.,Analytical business logic extraction,ACCEPT,
-SHP 166.00,shipments.incompatible_load_types,businessRules,4,new,,,Must stay consistent with: shipments.load_types. Changes here may require validation of those fields.,Analytical business logic extraction,ACCEPT,
-SHP 167.00,shipments.incompatible_load_types,businessRules,5,new,,,Rule: Shipments: pickup always occurs before delivery on the route.,Analytical business logic extraction,ACCEPT,
-SHP 168.00,shipments.incompatible_load_types,businessRules,6,new,,,Optional field. Omitting uses solver's default behavior (no penalty).,Analytical business logic extraction,ACCEPT,
-SHP 169.00,shipments.incompatible_load_types,testingGuidance,1,kept,,Behavioral: a shipment incompatible with 'chemical' can't ride a vehicle carrying 'chemical'.,Behavioral: a shipment incompatible with 'chemical' can't ride a vehicle carrying 'chemical'.,Existing enrichment,ACCEPT,
-SHP 170.00,shipments.incompatible_load_types,testingGuidance,2,new,Positive,,Positive: omit optional field incompatible_load_types,Analytical spec deep-dive,ACCEPT,
-SHP 171.00,shipments.incompatible_load_types,testingGuidance,3,new,Interaction,,Interaction: Behavioral: a job incompatible with 'raw' cannot ride a vehicle that carried 'raw'.,Analytical spec deep-dive,ACCEPT,
-SHP 172.00,shipments.incompatible_load_types,testingGuidance,4,new,Interaction,,Interaction: Positive: compatible load types share a vehicle without issue.,Analytical spec deep-dive,ACCEPT,
-SHP 173.00,shipments.joint_order,summary,1,kept,,Joint-order group ID; all tasks in the group are assigned together or none.,Joint-order group ID; all tasks in the group are assigned together or none.,"Spec: Specify a joint order group ID that this shipment is associated with. Tasks having the same joint order group ID are treated as a single unit: either all tasks in the group are assigned, or none ar…",ACCEPT,
-SHP 174.00,shipments.joint_order,range,1,kept,,Integer group ID.,Integer group ID.,"Spec: Specify a joint order group ID that this shipment is associated with. Tasks having the same joint order group ID are treated as a single unit: either all tasks in the group are assigned, or none ar…",ACCEPT,
-SHP 175.00,shipments.joint_order,businessRules,1,kept,,"Atomic group: if any member is infeasible, the whole group is unassigned.","Atomic group: if any member is infeasible, the whole group is unassigned.",Existing enrichment,ACCEPT,
-SHP 176.00,shipments.joint_order,businessRules,2,new,,,"joint_order defines: Specify a joint order group ID that this shipment is associated with. Tasks having the same joint order group ID are treated as a single unit: either all tasks in the group are assigned, or none ar…",Analytical business logic extraction,ACCEPT,
-SHP 177.00,shipments.joint_order,businessRules,3,new,,,Numeric field; verify sign (positive/negative) and unit from spec.,Analytical business logic extraction,ACCEPT,
-SHP 178.00,shipments.joint_order,businessRules,4,new,,,Optional field. Omitting uses solver's default behavior (no penalty).,Analytical business logic extraction,ACCEPT,
-SHP 179.00,shipments.joint_order,testingGuidance,1,kept,Positive,Positive: two shipments sharing joint_order 3 both assigned.,Positive: two shipments sharing joint_order 3 both assigned.,Existing enrichment,ACCEPT,
-SHP 180.00,shipments.joint_order,testingGuidance,2,kept,,Infeasible: one member of the group infeasible -> the whole group unassigned.,Infeasible: one member of the group infeasible -> the whole group unassigned.,Existing enrichment,ACCEPT,
-SHP 181.00,shipments.joint_order,testingGuidance,3,new,Boundary,,Boundary: zero value (0),Analytical spec deep-dive,ACCEPT,
-SHP 182.00,shipments.joint_order,testingGuidance,4,new,Boundary,,Boundary: negative value (-1),Analytical spec deep-dive,ACCEPT,
-SHP 183.00,shipments.joint_order,testingGuidance,5,new,Boundary,,Boundary: very large value,Analytical spec deep-dive,ACCEPT,
-SHP 184.00,shipments.joint_order,testingGuidance,6,new,Positive,,Positive: omit optional field joint_order,Analytical spec deep-dive,ACCEPT,
-SHP 185.00,shipments,summary,1,kept,,Array of paired pickup+delivery tasks bound to one vehicle (pickup before delivery). Provide jobs and/or shipments.,Array of paired pickup+delivery tasks bound to one vehicle (pickup before delivery). Provide jobs and/or shipments.,Spec: The shipments object is used to collect the details of shipments that need to be completed as part of the optimization process. Each shipment should have a pickup and the corresponding delivery ste…,ACCEPT,
-SHP 186.00,shipments,range,1,kept,,Array of shipment objects. Each requires pickup and delivery sub-objects.,Array of shipment objects. Each requires pickup and delivery sub-objects.,Spec: The shipments object is used to collect the details of shipments that need to be completed as part of the optimization process. Each shipment should have a pickup and the corresponding delivery ste…,ACCEPT,
-SHP 187.00,shipments,constraints,1,kept,,At least one of jobs / shipments must be present.,At least one of jobs / shipments must be present.,Existing enrichment,ACCEPT,
-SHP 188.00,shipments,constraints,2,kept,,Each shipment requires both pickup and delivery.,Each shipment requires both pickup and delivery.,Existing enrichment,ACCEPT,
-SHP 189.00,shipments,businessRules,1,new,,,shipments defines: The shipments object is used to collect the details of shipments that need to be completed as part of the optimization process. Each shipment should have a pickup and the corresponding delivery ste…,Analytical business logic extraction,ACCEPT,
-SHP 190.00,shipments,businessRules,2,new,,,Each element in shipments must be valid and consistent with related fields.,Analytical business logic extraction,ACCEPT,
-SHP 191.00,shipments,businessRules,3,new,,,"Must stay consistent with: shipments.pickup, shipments.delivery, shipments.amount. Changes here may require validation of those fields.",Analytical business logic extraction,ACCEPT,
-SHP 192.00,shipments,businessRules,4,new,,,"Rule: Capacity dimensions must match across jobs, shipments, and vehicles.",Analytical business logic extraction,ACCEPT,
-SHP 193.00,shipments,businessRules,5,new,,,Optional field. Omitting uses solver's default behavior (no penalty).,Analytical business logic extraction,ACCEPT,
-SHP 194.00,shipments,validationRules,1,kept,,A shipment missing pickup or delivery -> 400.,A shipment missing pickup or delivery -> 400.,Existing enrichment,ACCEPT,
-SHP 195.00,shipments,testingGuidance,1,kept,Positive,Positive: a feasible pickup->delivery shipment.,Positive: a feasible pickup->delivery shipment.,Existing enrichment,ACCEPT,
-SHP 196.00,shipments,testingGuidance,2,kept,,Negative: a shipment with only a pickup -> 400.,Negative: a shipment with only a pickup -> 400.,Existing enrichment,ACCEPT,
-SHP 197.00,shipments,testingGuidance,3,new,Positive,,Positive: omit optional field shipments,Analytical spec deep-dive,ACCEPT,
-SHP 198.00,shipments,testingGuidance,4,new,Interaction,,Interaction: Infeasible: delivery time window earlier than the pickup window -> precedence infeasible -> both unassigned.,Analytical spec deep-dive,ACCEPT,
-SHP 199.00,shipments,testingGuidance,5,new,Interaction,,Interaction: Infeasible: two amount [3] shipments onboard together on capacity [5] -> one deferred by capacity.,Analytical spec deep-dive,ACCEPT,
-SHP 200.00,shipments,testingGuidance,6,new,Interaction,,"Interaction: Precedence: pickup [10:00,11:00], delivery [09:00,09:30] (delivery before pickup) -> both unassigned.",Analytical spec deep-dive,ACCEPT,
-SHP 201.00,shipments.load_types,summary,1,kept,,Load-type tags on the shipment.,Load-type tags on the shipment.,"Spec: Use this parameter to specify the type of loads for the given shipment. Once this property is configured, the shipment can not be served by a vehicle which has serviced any task whose load is incom…",ACCEPT,
-SHP 202.00,shipments.load_types,range,1,kept,,Array of string tags. Combine with incompatible_load_types.,Array of string tags. Combine with incompatible_load_types.,"Spec: Use this parameter to specify the type of loads for the given shipment. Once this property is configured, the shipment can not be served by a vehicle which has serviced any task whose load is incom…",ACCEPT,
-SHP 203.00,shipments.load_types,businessRules,1,new,,,"load_types defines: Use this parameter to specify the type of loads for the given shipment. Once this property is configured, the shipment can not be served by a vehicle which has serviced any task whose load is incom…",Analytical business logic extraction,ACCEPT,
-SHP 204.00,shipments.load_types,businessRules,2,new,,,Each element in load_types must be valid and consistent with related fields.,Analytical business logic extraction,ACCEPT,
-SHP 205.00,shipments.load_types,businessRules,3,new,,,Must stay consistent with: shipments.incompatible_load_types. Changes here may require validation of those fields.,Analytical business logic extraction,ACCEPT,
-SHP 206.00,shipments.load_types,businessRules,4,new,,,Rule: Shipments: pickup always occurs before delivery on the route.,Analytical business logic extraction,ACCEPT,
-SHP 207.00,shipments.load_types,businessRules,5,new,,,Optional field. Omitting uses solver's default behavior (no penalty).,Analytical business logic extraction,ACCEPT,
-SHP 208.00,shipments.load_types,testingGuidance,1,kept,,Infeasible: shipment load type incompatible with onboard cargo -> deferred.,Infeasible: shipment load type incompatible with onboard cargo -> deferred.,Existing enrichment,ACCEPT,
-SHP 209.00,shipments.load_types,testingGuidance,2,new,Positive,,Positive: omit optional field load_types,Analytical spec deep-dive,ACCEPT,
-SHP 210.00,shipments.load_types,testingGuidance,3,new,Interaction,,Interaction: Behavioral: a job incompatible with 'raw' cannot ride a vehicle that carried 'raw'.,Analytical spec deep-dive,ACCEPT,
-SHP 211.00,shipments.load_types,testingGuidance,4,new,Interaction,,Interaction: Positive: compatible load types share a vehicle without issue.,Analytical spec deep-dive,ACCEPT,
-SHP 212.00,shipments.max_time_in_vehicle,summary,1,kept,,Max time the load may remain onboard between pickup and delivery.,Max time the load may remain onboard between pickup and delivery.,Spec: Use this parameter to limit the drive time for which a shipment stays in the vehicle. The time-in-vehicle calculations start once the pickup leg of shipment is completed after serving any setup and…,ACCEPT,
-SHP 213.00,shipments.max_time_in_vehicle,range,1,kept,,Non-negative integer seconds.,Non-negative integer seconds.,Spec: Use this parameter to limit the drive time for which a shipment stays in the vehicle. The time-in-vehicle calculations start once the pickup leg of shipment is completed after serving any setup and…,ACCEPT,
-SHP 214.00,shipments.max_time_in_vehicle,constraints,1,kept,,Non-negative integer seconds.,Non-negative integer seconds.,Existing enrichment,ACCEPT,
-SHP 215.00,shipments.max_time_in_vehicle,businessRules,1,kept,,"If the route between pickup and delivery exceeds this, the pair is infeasible (C4).","If the route between pickup and delivery exceeds this, the pair is infeasible (C4).",Existing enrichment,ACCEPT,
-SHP 216.00,shipments.max_time_in_vehicle,businessRules,2,new,,,max_time_in_vehicle defines: Use this parameter to limit the drive time for which a shipment stays in the vehicle. The time-in-vehicle calculations start once the pickup leg of shipment is completed after serving any setup and…,Analytical business logic extraction,ACCEPT,
-SHP 217.00,shipments.max_time_in_vehicle,businessRules,3,new,,,"Must stay consistent with: shipments.pickup, shipments.delivery. Changes here may require validation of those fields.",Analytical business logic extraction,ACCEPT,
-SHP 218.00,shipments.max_time_in_vehicle,businessRules,4,new,,,"Rule: Capacity dimensions must match across jobs, shipments, and vehicles.",Analytical business logic extraction,ACCEPT,
-SHP 219.00,shipments.max_time_in_vehicle,businessRules,5,new,,,Values in seconds; must be non-negative. Zero means instantaneous.,Analytical business logic extraction,ACCEPT,
-SHP 220.00,shipments.max_time_in_vehicle,businessRules,6,new,,,Optional field. Omitting uses solver's default behavior (no penalty).,Analytical business logic extraction,ACCEPT,
-SHP 221.00,shipments.max_time_in_vehicle,testingGuidance,1,kept,Positive,Positive: generous max_time_in_vehicle covers the leg.,Positive: generous max_time_in_vehicle covers the leg.,Existing enrichment,ACCEPT,
-SHP 222.00,shipments.max_time_in_vehicle,testingGuidance,2,kept,,Infeasible: max_time_in_vehicle smaller than the pickup->delivery travel -> unassigned.,Infeasible: max_time_in_vehicle smaller than the pickup->delivery travel -> unassigned.,Existing enrichment,ACCEPT,
-SHP 223.00,shipments.max_time_in_vehicle,testingGuidance,3,new,Boundary,,Boundary: zero value (0),Analytical spec deep-dive,ACCEPT,
-SHP 224.00,shipments.max_time_in_vehicle,testingGuidance,4,new,Boundary,,Boundary: negative value (-1),Analytical spec deep-dive,ACCEPT,
-SHP 225.00,shipments.max_time_in_vehicle,testingGuidance,5,new,Boundary,,Boundary: very large value,Analytical spec deep-dive,ACCEPT,
-SHP 226.00,shipments.max_time_in_vehicle,testingGuidance,6,new,Positive,,Positive: omit optional field max_time_in_vehicle,Analytical spec deep-dive,ACCEPT,
-SHP 227.00,shipments.max_time_in_vehicle,testingGuidance,7,new,Interaction,,Interaction: Infeasible: delivery time window earlier than the pickup window -> precedence infeasible -> both unassigned.,Analytical spec deep-dive,ACCEPT,
-SHP 228.00,shipments.max_time_in_vehicle,testingGuidance,8,new,Interaction,,Interaction: Infeasible: two amount [3] shipments onboard together on capacity [5] -> one deferred by capacity.,Analytical spec deep-dive,ACCEPT,
-SHP 229.00,shipments.max_time_in_vehicle,testingGuidance,9,new,Interaction,,"Interaction: Precedence: pickup [10:00,11:00], delivery [09:00,09:30] (delivery before pickup) -> both unassigned.",Analytical spec deep-dive,ACCEPT,
-SHP 230.00,shipments.outsourcing_cost,summary,1,kept,,Cost of leaving the shipment unassigned; overrides priority. Cannot combine with revenue.,Cost of leaving the shipment unassigned; overrides priority. Cannot combine with revenue.,"Spec: Specify the cost of keeping this shipment unassigned, namely, the cost of outsourcing the shipment. When provided, the optimizer weighs the cost of assigning the shipment against the cost of keepin…",ACCEPT,
-SHP 231.00,shipments.outsourcing_cost,range,1,kept,,Integer. Overrides priority. Mutually exclusive with revenue.,Integer. Overrides priority. Mutually exclusive with revenue.,"Spec: Specify the cost of keeping this shipment unassigned, namely, the cost of outsourcing the shipment. When provided, the optimizer weighs the cost of assigning the shipment against the cost of keepin…",ACCEPT,
-SHP 232.00,shipments.outsourcing_cost,constraints,1,kept,,Cannot be set together with revenue.,Cannot be set together with revenue.,Existing enrichment,ACCEPT,
-SHP 233.00,shipments.outsourcing_cost,businessRules,1,kept,,A high outsourcing_cost makes the solver prefer serving this shipment over a higher-priority one.,A high outsourcing_cost makes the solver prefer serving this shipment over a higher-priority one.,Existing enrichment,ACCEPT,
-SHP 234.00,shipments.outsourcing_cost,businessRules,2,new,,,"outsourcing_cost defines: Specify the cost of keeping this shipment unassigned, namely, the cost of outsourcing the shipment. When provided, the optimizer weighs the cost of assigning the shipment against the cost of keepin…",Analytical business logic extraction,ACCEPT,
-SHP 235.00,shipments.outsourcing_cost,businessRules,3,new,,,"Must stay consistent with: shipments.priority, shipments.revenue. Changes here may require validation of those fields.",Analytical business logic extraction,ACCEPT,
-SHP 236.00,shipments.outsourcing_cost,businessRules,4,new,,,Rule: Higher priority jobs are serviced first; ties break by job ID order.,Analytical business logic extraction,ACCEPT,
-SHP 237.00,shipments.outsourcing_cost,businessRules,5,new,,,This is a soft constraint. Violations are penalized but don't make solutions infeasible.,Analytical business logic extraction,ACCEPT,
-SHP 238.00,shipments.outsourcing_cost,businessRules,6,new,,,Zero means no penalty/cost; larger values increase incentive to avoid violation.,Analytical business logic extraction,ACCEPT,
-SHP 239.00,shipments.outsourcing_cost,businessRules,7,new,,,Optional field. Omitting uses solver's default behavior (no penalty).,Analytical business logic extraction,ACCEPT,
-SHP 240.00,shipments.outsourcing_cost,validationRules,1,kept,,Both outsourcing_cost and revenue set -> 400.,Both outsourcing_cost and revenue set -> 400.,Existing enrichment,ACCEPT,
-SHP 241.00,shipments.outsourcing_cost,testingGuidance,1,kept,,Behavioral: high outsourcing_cost shipment preferred over a higher-priority one for the last slot.,Behavioral: high outsourcing_cost shipment preferred over a higher-priority one for the last slot.,Existing enrichment,ACCEPT,
-SHP 242.00,shipments.outsourcing_cost,testingGuidance,2,new,Boundary,,Boundary: zero value (0),Analytical spec deep-dive,ACCEPT,
-SHP 243.00,shipments.outsourcing_cost,testingGuidance,3,new,Boundary,,Boundary: negative value (-1),Analytical spec deep-dive,ACCEPT,
-SHP 244.00,shipments.outsourcing_cost,testingGuidance,4,new,Boundary,,Boundary: very large value,Analytical spec deep-dive,ACCEPT,
-SHP 245.00,shipments.outsourcing_cost,testingGuidance,5,new,Positive,,Positive: omit optional field outsourcing_cost,Analytical spec deep-dive,ACCEPT,
-SHP 246.00,shipments.outsourcing_cost,testingGuidance,6,new,Interaction,,"Interaction: Combination: tight capacity + one high-priority + one low-priority job competing for the last slot -> high-priority assigned, low-priority unassigned.",Analytical spec deep-dive,ACCEPT,
-SHP 247.00,shipments.outsourcing_cost,testingGuidance,7,new,Interaction,,Interaction: Combination: high-priority job whose only skill is unavailable on any vehicle -> still unassigned despite priority.,Analytical spec deep-dive,ACCEPT,
-SHP 248.00,shipments.outsourcing_cost,testingGuidance,8,new,Interaction,,"Interaction: Interaction: two jobs with equal priority; one has outsourcing_cost 100, other 50 -> cost-based job assigned first.",Analytical spec deep-dive,ACCEPT,
-SHP 249.00,shipments.pickup,summary,1,kept,,The pickup step of a shipment: where/when the load is collected. Required.,The pickup step of a shipment: where/when the load is collected. Required.,Spec: Specify the details of the pickup step of the shipment.,ACCEPT,
-SHP 250.00,shipments.pickup,range,1,kept,,"Object: { id (req), location_index (req), service?, time_windows?, setup?, sequence_order?, max_visit_lateness? }.","Object: { id (req), location_index (req), service?, time_windows?, setup?, sequence_order?, max_visit_lateness? }.",Spec: Specify the details of the pickup step of the shipment.,ACCEPT,
-SHP 251.00,shipments.pickup,constraints,1,kept,,Required.,Required.,Existing enrichment,ACCEPT,
-SHP 252.00,shipments.pickup,constraints,2,kept,,Requires id and location_index.,Requires id and location_index.,Existing enrichment,ACCEPT,
-SHP 253.00,shipments.pickup,businessRules,1,kept,,"Served by the same vehicle as its delivery, and BEFORE the delivery step (C4).","Served by the same vehicle as its delivery, and BEFORE the delivery step (C4).",Existing enrichment,ACCEPT,
-SHP 254.00,shipments.pickup,businessRules,2,new,,,pickup defines: Specify the details of the pickup step of the shipment.,Analytical business logic extraction,ACCEPT,
-SHP 255.00,shipments.pickup,businessRules,3,new,,,"Must stay consistent with: shipments.delivery, shipments.pickup.location_index. Changes here may require validation of those fields.",Analytical business logic extraction,ACCEPT,
-SHP 256.00,shipments.pickup,businessRules,4,new,,,"Rule: Capacity dimensions must match across jobs, shipments, and vehicles.",Analytical business logic extraction,ACCEPT,
-SHP 257.00,shipments.pickup,businessRules,5,new,,,Required field. Missing causes HTTP 400 validation error.,Analytical business logic extraction,ACCEPT,
-SHP 258.00,shipments.pickup,validationRules,1,kept,,Missing pickup -> 400.,Missing pickup -> 400.,Existing enrichment,ACCEPT,
-SHP 259.00,shipments.pickup,validationRules,2,kept,,Duplicate pickup/delivery id -> 400.,Duplicate pickup/delivery id -> 400.,Existing enrichment,ACCEPT,
-SHP 260.00,shipments.pickup,testingGuidance,1,kept,Positive,Positive: pickup with a valid location_index and window.,Positive: pickup with a valid location_index and window.,Existing enrichment,ACCEPT,
-SHP 261.00,shipments.pickup,testingGuidance,2,kept,,Infeasible: pickup window strictly after the delivery window -> pair unassigned.,Infeasible: pickup window strictly after the delivery window -> pair unassigned.,Existing enrichment,ACCEPT,
-SHP 262.00,shipments.pickup,testingGuidance,3,new,Interaction,,Interaction: Infeasible: delivery time window earlier than the pickup window -> precedence infeasible -> both unassigned.,Analytical spec deep-dive,ACCEPT,
-SHP 263.00,shipments.pickup,testingGuidance,4,new,Interaction,,Interaction: Infeasible: two amount [3] shipments onboard together on capacity [5] -> one deferred by capacity.,Analytical spec deep-dive,ACCEPT,
-SHP 264.00,shipments.pickup,testingGuidance,5,new,Interaction,,"Interaction: Precedence: pickup [10:00,11:00], delivery [09:00,09:30] (delivery before pickup) -> both unassigned.",Analytical spec deep-dive,ACCEPT,
-SHP 265.00,shipments.pickup.location_index,summary,1,kept,,Index into locations.location for the shipment's pickup step. Required.,Index into locations.location for the shipment's pickup step. Required.,"Spec: Indicate the index of the location for this shipment pickup. The index references the locations present in the location array. The valid range of value is \[0, length of location array).",ACCEPT,
-SHP 266.00,shipments.pickup.location_index,range,1,kept,,"Required integer in [0, len(location)).","Required integer in [0, len(location)).","Spec: Indicate the index of the location for this shipment pickup. The index references the locations present in the location array. The valid range of value is \[0, length of location array).",ACCEPT,
-SHP 267.00,shipments.pickup.location_index,constraints,1,kept,,Required.,Required.,Existing enrichment,ACCEPT,
-SHP 268.00,shipments.pickup.location_index,constraints,2,kept,,"Range [0, len(location)).","Range [0, len(location)).",Existing enrichment,ACCEPT,
-SHP 269.00,shipments.pickup.location_index,constraints,3,kept,,Integer only.,Integer only.,Existing enrichment,ACCEPT,
-SHP 270.00,shipments.pickup.location_index,businessRules,1,new,,,"location_index defines: Indicate the index of the location for this shipment pickup. The index references the locations present in the location array. The valid range of value is \[0, length of location array).",Analytical business logic extraction,ACCEPT,
-SHP 271.00,shipments.pickup.location_index,businessRules,2,new,,,"Must stay consistent with: locations.location, shipments.delivery.location_index. Changes here may require validation of those fields.",Analytical business logic extraction,ACCEPT,
-SHP 272.00,shipments.pickup.location_index,businessRules,3,new,,,"Rule: Capacity dimensions must match across jobs, shipments, and vehicles.",Analytical business logic extraction,ACCEPT,
-SHP 273.00,shipments.pickup.location_index,businessRules,4,new,,,Numeric field; verify sign (positive/negative) and unit from spec.,Analytical business logic extraction,ACCEPT,
-SHP 274.00,shipments.pickup.location_index,businessRules,5,new,,,Optional field. Omitting uses solver's default behavior (no penalty).,Analytical business logic extraction,ACCEPT,
-SHP 275.00,shipments.pickup.location_index,validationRules,1,kept,,Missing -> 400.,Missing -> 400.,Existing enrichment,ACCEPT,
-SHP 276.00,shipments.pickup.location_index,validationRules,2,kept,,Out of range (>= len or < 0) -> 400.,Out of range (>= len or < 0) -> 400.,Existing enrichment,ACCEPT,
-SHP 277.00,shipments.pickup.location_index,validationRules,3,kept,,Non-integer -> 400 type error.,Non-integer -> 400 type error.,Existing enrichment,ACCEPT,
-SHP 278.00,shipments.pickup.location_index,testingGuidance,1,kept,Positive,Positive: a valid in-range pickup index (distinct from delivery).,Positive: a valid in-range pickup index (distinct from delivery).,Existing enrichment,ACCEPT,
-SHP 279.00,shipments.pickup.location_index,testingGuidance,2,kept,Boundary,Boundary: pickup index len-1 (last valid).,Boundary: pickup index len-1 (last valid).,Existing enrichment,ACCEPT,
-SHP 280.00,shipments.pickup.location_index,testingGuidance,3,kept,Negative-validation,Negative-validation: pickup index == len(location) -> 400 (out of range).,Negative-validation: pickup index == len(location) -> 400 (out of range).,Existing enrichment,ACCEPT,
-SHP 281.00,shipments.pickup.location_index,testingGuidance,4,kept,Negative-validation,Negative-validation: missing pickup location_index -> 400.,Negative-validation: missing pickup location_index -> 400.,Existing enrichment,ACCEPT,
-SHP 282.00,shipments.pickup.location_index,testingGuidance,5,kept,Negative-validation,Negative-validation: non-integer pickup index -> 400 type error.,Negative-validation: non-integer pickup index -> 400 type error.,Existing enrichment,ACCEPT,
-SHP 283.00,shipments.pickup.location_index,testingGuidance,6,new,Boundary,,Boundary: zero value (0),Analytical spec deep-dive,ACCEPT,
-SHP 284.00,shipments.pickup.location_index,testingGuidance,7,new,Boundary,,Boundary: negative value (-1),Analytical spec deep-dive,ACCEPT,
-SHP 285.00,shipments.pickup.location_index,testingGuidance,8,new,Boundary,,Boundary: very large value,Analytical spec deep-dive,ACCEPT,
-SHP 286.00,shipments.pickup.location_index,testingGuidance,9,new,Positive,,Positive: omit optional field location_index,Analytical spec deep-dive,ACCEPT,
-SHP 287.00,shipments.pickup.location_index,testingGuidance,10,new,Interaction,,Interaction: Negative: a job location_index equal to len(location) -> 400.,Analytical spec deep-dive,ACCEPT,
-SHP 288.00,shipments.pickup.location_index,testingGuidance,11,new,Interaction,,"Interaction: Negative: a non-integer index like ""first"" -> 400 type error.",Analytical spec deep-dive,ACCEPT,
-SHP 289.00,shipments.pickup.location_index,testingGuidance,12,new,Interaction,,Interaction: Infeasible: delivery time window earlier than the pickup window -> precedence infeasible -> both unassigned.,Analytical spec deep-dive,ACCEPT,
-SHP 290.00,shipments.pickup.location_index,testingGuidance,13,new,Interaction,,Interaction: Infeasible: two amount [3] shipments onboard together on capacity [5] -> one deferred by capacity.,Analytical spec deep-dive,ACCEPT,
-SHP 291.00,shipments.pickup.location_index,testingGuidance,14,new,Interaction,,"Interaction: Precedence: pickup [10:00,11:00], delivery [09:00,09:30] (delivery before pickup) -> both unassigned.",Analytical spec deep-dive,ACCEPT,
-SHP 292.00,shipments.pickup.max_visit_lateness,summary,1,kept,,Tolerated lateness for the pickup step; overrides the global value.,Tolerated lateness for the pickup step; overrides the global value.,"Spec: It determines the allowable delay, in seconds, to begin a shipment pickup after its designated time window has concluded. Please note that this parameter would override the constraint.max_visit_lat…",ACCEPT,
-SHP 293.00,shipments.pickup.max_visit_lateness,range,1,kept,,Non-negative integer seconds.,Non-negative integer seconds.,"Spec: It determines the allowable delay, in seconds, to begin a shipment pickup after its designated time window has concluded. Please note that this parameter would override the constraint.max_visit_lat…",ACCEPT,
-SHP 294.00,shipments.pickup.max_visit_lateness,constraints,1,kept,,Non-negative integer seconds.,Non-negative integer seconds.,Existing enrichment,ACCEPT,
-SHP 295.00,shipments.pickup.max_visit_lateness,businessRules,1,kept,,Lateness beyond it makes the pickup (and the pair) infeasible.,Lateness beyond it makes the pickup (and the pair) infeasible.,Existing enrichment,ACCEPT,
-SHP 296.00,shipments.pickup.max_visit_lateness,businessRules,2,new,,,"max_visit_lateness defines: It determines the allowable delay, in seconds, to begin a shipment pickup after its designated time window has concluded. Please note that this parameter would override the constraint.max_visit_lat…",Analytical business logic extraction,ACCEPT,
-SHP 297.00,shipments.pickup.max_visit_lateness,businessRules,3,new,,,Must stay consistent with: shipments.pickup.time_windows. Changes here may require validation of those fields.,Analytical business logic extraction,ACCEPT,
-SHP 298.00,shipments.pickup.max_visit_lateness,businessRules,4,new,,,Rule: Shipments: pickup always occurs before delivery on the route.,Analytical business logic extraction,ACCEPT,
-SHP 299.00,shipments.pickup.max_visit_lateness,businessRules,5,new,,,Numeric field; verify sign (positive/negative) and unit from spec.,Analytical business logic extraction,ACCEPT,
-SHP 300.00,shipments.pickup.max_visit_lateness,businessRules,6,new,,,Optional field. Omitting uses solver's default behavior (no penalty).,Analytical business logic extraction,ACCEPT,
-SHP 301.00,shipments.pickup.max_visit_lateness,testingGuidance,1,kept,,Infeasible: pickup unreachable within its window + tolerance -> pair unassigned.,Infeasible: pickup unreachable within its window + tolerance -> pair unassigned.,Existing enrichment,ACCEPT,
-SHP 302.00,shipments.pickup.max_visit_lateness,testingGuidance,2,new,Boundary,,Boundary: zero value (0),Analytical spec deep-dive,ACCEPT,
-SHP 303.00,shipments.pickup.max_visit_lateness,testingGuidance,3,new,Boundary,,Boundary: negative value (-1),Analytical spec deep-dive,ACCEPT,
-SHP 304.00,shipments.pickup.max_visit_lateness,testingGuidance,4,new,Boundary,,Boundary: very large value,Analytical spec deep-dive,ACCEPT,
-SHP 305.00,shipments.pickup.max_visit_lateness,testingGuidance,5,new,Positive,,Positive: omit optional field max_visit_lateness,Analytical spec deep-dive,ACCEPT,
-SHP 306.00,shipments.pickup.max_visit_lateness,testingGuidance,6,new,Interaction,,"Interaction: Infeasible: job window [09:00,09:30], max_visit_lateness 0, nearest vehicle arrives 09:45 -> unassigned.",Analytical spec deep-dive,ACCEPT,
-SHP 307.00,shipments.pickup.max_visit_lateness,testingGuidance,7,new,Interaction,,Interaction: Interaction: a long wait for a late window pushes route end past the shift -> unassigned (couples with max-duration-distance-cap).,Analytical spec deep-dive,ACCEPT,
-SHP 308.00,shipments.pickup.max_visit_lateness,testingGuidance,8,new,Interaction,,"Interaction: Shipment: delivery window [09:00,09:30], max_visit_lateness 15, nearest vehicle arrives 09:40 -> accepted within lateness.",Analytical spec deep-dive,ACCEPT,
-SHP 309.00,shipments.pickup.max_visit_lateness,testingGuidance,9,new,Interaction,,"Interaction: Break: break time_windows [12:00,13:00], vehicle arrives 12:30 -> break scheduled at 12:30.",Analytical spec deep-dive,ACCEPT,
-SHP 310.00,shipments.pickup.sequence_order,summary,1,kept,,Ordering value of the pickup step; must be <= its delivery's sequence_order.,Ordering value of the pickup step; must be <= its delivery's sequence_order.,"Spec: Use this parameter to prioritize completing the shipment pickup relative to certain other tasks. A task configured with a sequence_order of 2 will be done after the task with sequence_order of 1, b…",ACCEPT,
-SHP 311.00,shipments.pickup.sequence_order,range,1,kept,,"Integer in [0,100]. pickup.sequence_order <= delivery.sequence_order.","Integer in [0,100]. pickup.sequence_order <= delivery.sequence_order.","Spec: Use this parameter to prioritize completing the shipment pickup relative to certain other tasks. A task configured with a sequence_order of 2 will be done after the task with sequence_order of 1, b…",ACCEPT,
-SHP 312.00,shipments.pickup.sequence_order,constraints,1,kept,,"[0,100]; pickup value <= delivery value.","[0,100]; pickup value <= delivery value.",Existing enrichment,ACCEPT,
-SHP 313.00,shipments.pickup.sequence_order,businessRules,1,new,,,"sequence_order defines: Use this parameter to prioritize completing the shipment pickup relative to certain other tasks. A task configured with a sequence_order of 2 will be done after the task with sequence_order of 1, b…",Analytical business logic extraction,ACCEPT,
-SHP 314.00,shipments.pickup.sequence_order,businessRules,2,new,,,Must stay consistent with: shipments.delivery.sequence_order. Changes here may require validation of those fields.,Analytical business logic extraction,ACCEPT,
-SHP 315.00,shipments.pickup.sequence_order,businessRules,3,new,,,"Rule: Capacity dimensions must match across jobs, shipments, and vehicles.",Analytical business logic extraction,ACCEPT,
-SHP 316.00,shipments.pickup.sequence_order,businessRules,4,new,,,Numeric field; verify sign (positive/negative) and unit from spec.,Analytical business logic extraction,ACCEPT,
-SHP 317.00,shipments.pickup.sequence_order,businessRules,5,new,,,Optional field. Omitting uses solver's default behavior (no penalty).,Analytical business logic extraction,ACCEPT,
-SHP 318.00,shipments.pickup.sequence_order,validationRules,1,kept,,pickup.sequence_order > delivery.sequence_order -> 400.,pickup.sequence_order > delivery.sequence_order -> 400.,Existing enrichment,ACCEPT,
-SHP 319.00,shipments.pickup.sequence_order,testingGuidance,1,kept,,Negative: pickup order greater than delivery order -> 400.,Negative: pickup order greater than delivery order -> 400.,Existing enrichment,ACCEPT,
-SHP 320.00,shipments.pickup.sequence_order,testingGuidance,2,new,Boundary,,Boundary: zero value (0),Analytical spec deep-dive,ACCEPT,
-SHP 321.00,shipments.pickup.sequence_order,testingGuidance,3,new,Boundary,,Boundary: negative value (-1),Analytical spec deep-dive,ACCEPT,
-SHP 322.00,shipments.pickup.sequence_order,testingGuidance,4,new,Boundary,,Boundary: very large value,Analytical spec deep-dive,ACCEPT,
-SHP 323.00,shipments.pickup.sequence_order,testingGuidance,5,new,Positive,,Positive: omit optional field sequence_order,Analytical spec deep-dive,ACCEPT,
-SHP 324.00,shipments.pickup.sequence_order,testingGuidance,6,new,Interaction,,Interaction: Infeasible: delivery time window earlier than the pickup window -> precedence infeasible -> both unassigned.,Analytical spec deep-dive,ACCEPT,
-SHP 325.00,shipments.pickup.sequence_order,testingGuidance,7,new,Interaction,,Interaction: Infeasible: two amount [3] shipments onboard together on capacity [5] -> one deferred by capacity.,Analytical spec deep-dive,ACCEPT,
-SHP 326.00,shipments.pickup.sequence_order,testingGuidance,8,new,Interaction,,"Interaction: Precedence: pickup [10:00,11:00], delivery [09:00,09:30] (delivery before pickup) -> both unassigned.",Analytical spec deep-dive,ACCEPT,
-SHP 327.00,shipments.pickup.service,summary,1,kept,,Service/dwell time at the pickup step (seconds).,Service/dwell time at the pickup step (seconds).,"Spec: Provide the time duration, in seconds, needed to complete the shipment pickup. Default value is 0.",ACCEPT,
-SHP 328.00,shipments.pickup.service,range,1,kept,,Non-negative integer seconds. Default 0.,Non-negative integer seconds. Default 0.,"Spec: Provide the time duration, in seconds, needed to complete the shipment pickup. Default value is 0.",ACCEPT,
-SHP 329.00,shipments.pickup.service,constraints,1,kept,,Non-negative integer seconds.,Non-negative integer seconds.,Existing enrichment,ACCEPT,
-SHP 330.00,shipments.pickup.service,businessRules,1,kept,,Extends pickup occupancy; counts toward working time and shipment onboard timing.,Extends pickup occupancy; counts toward working time and shipment onboard timing.,Existing enrichment,ACCEPT,
-SHP 331.00,shipments.pickup.service,businessRules,2,new,,,"service defines: Provide the time duration, in seconds, needed to complete the shipment pickup. Default value is 0.",Analytical business logic extraction,ACCEPT,
-SHP 332.00,shipments.pickup.service,businessRules,3,new,,,Must stay consistent with: shipments.max_time_in_vehicle. Changes here may require validation of those fields.,Analytical business logic extraction,ACCEPT,
-SHP 333.00,shipments.pickup.service,businessRules,4,new,,,Numeric field; verify sign (positive/negative) and unit from spec.,Analytical business logic extraction,ACCEPT,
-SHP 334.00,shipments.pickup.service,businessRules,5,new,,,Optional field. Omitting uses solver's default behavior (no penalty).,Analytical business logic extraction,ACCEPT,
-SHP 335.00,shipments.pickup.service,testingGuidance,1,kept,Positive,Positive: pickup service 300.,Positive: pickup service 300.,Existing enrichment,ACCEPT,
-SHP 336.00,shipments.pickup.service,testingGuidance,2,kept,Interaction,Interaction: large pickup service can breach max_time_in_vehicle.,Interaction: large pickup service can breach max_time_in_vehicle.,Existing enrichment,ACCEPT,
-SHP 337.00,shipments.pickup.service,testingGuidance,3,new,Boundary,,Boundary: zero value (0),Analytical spec deep-dive,ACCEPT,
-SHP 338.00,shipments.pickup.service,testingGuidance,4,new,Boundary,,Boundary: negative value (-1),Analytical spec deep-dive,ACCEPT,
-SHP 339.00,shipments.pickup.service,testingGuidance,5,new,Boundary,,Boundary: very large value,Analytical spec deep-dive,ACCEPT,
-SHP 340.00,shipments.pickup.service,testingGuidance,6,new,Positive,,Positive: omit optional field service,Analytical spec deep-dive,ACCEPT,
-SHP 341.00,shipments.pickup.setup,summary,1,kept,,One-time setup time at the pickup location (seconds).,One-time setup time at the pickup location (seconds).,"Spec: Specify the set-up duration, in seconds, for the pickup. setup is the one-time effort needed apart from working on the original task- for example, effort to record some information for compliance, …",ACCEPT,
-SHP 342.00,shipments.pickup.setup,range,1,kept,,Non-negative integer seconds.,Non-negative integer seconds.,"Spec: Specify the set-up duration, in seconds, for the pickup. setup is the one-time effort needed apart from working on the original task- for example, effort to record some information for compliance, …",ACCEPT,
-SHP 343.00,shipments.pickup.setup,constraints,1,kept,,Non-negative integer seconds.,Non-negative integer seconds.,Existing enrichment,ACCEPT,
-SHP 344.00,shipments.pickup.setup,businessRules,1,new,,,"setup defines: Specify the set-up duration, in seconds, for the pickup. setup is the one-time effort needed apart from working on the original task- for example, effort to record some information for compliance, …",Analytical business logic extraction,ACCEPT,
-SHP 345.00,shipments.pickup.setup,businessRules,2,new,,,Must stay consistent with: shipments.pickup.service. Changes here may require validation of those fields.,Analytical business logic extraction,ACCEPT,
-SHP 346.00,shipments.pickup.setup,businessRules,3,new,,,Numeric field; verify sign (positive/negative) and unit from spec.,Analytical business logic extraction,ACCEPT,
-SHP 347.00,shipments.pickup.setup,businessRules,4,new,,,Optional field. Omitting uses solver's default behavior (no penalty).,Analytical business logic extraction,ACCEPT,
-SHP 348.00,shipments.pickup.setup,testingGuidance,1,kept,Positive,Positive: pickup setup 60 applied once per location.,Positive: pickup setup 60 applied once per location.,Existing enrichment,ACCEPT,
-SHP 349.00,shipments.pickup.setup,testingGuidance,2,new,Boundary,,Boundary: zero value (0),Analytical spec deep-dive,ACCEPT,
-SHP 350.00,shipments.pickup.setup,testingGuidance,3,new,Boundary,,Boundary: negative value (-1),Analytical spec deep-dive,ACCEPT,
-SHP 351.00,shipments.pickup.setup,testingGuidance,4,new,Boundary,,Boundary: very large value,Analytical spec deep-dive,ACCEPT,
-SHP 352.00,shipments.pickup.setup,testingGuidance,5,new,Positive,,Positive: omit optional field setup,Analytical spec deep-dive,ACCEPT,
-SHP 353.00,shipments.pickup.time_windows,summary,1,kept,,Allowed start windows for the shipment's pickup step.,Allowed start windows for the shipment's pickup step.,Spec: Describe time periods within which the shipment pickup should be start. The time periods should be expressed as a UNIX timestamp in seconds. Please note that the time periods should not overlap wit…,ACCEPT,
-SHP 354.00,shipments.pickup.time_windows,range,1,kept,,"Array of [start,end] Unix-second pairs; each start <= end. Overlapping windows allowed (shared time-window model, C2).","Array of [start,end] Unix-second pairs; each start <= end. Overlapping windows allowed (shared time-window model, C2).",Spec: Describe time periods within which the shipment pickup should be start. The time periods should be expressed as a UNIX timestamp in seconds. Please note that the time periods should not overlap wit…,ACCEPT,
-SHP 355.00,shipments.pickup.time_windows,constraints,1,kept,,Each start <= end; non-negative Unix seconds (C2).,Each start <= end; non-negative Unix seconds (C2).,Existing enrichment,ACCEPT,
-SHP 356.00,shipments.pickup.time_windows,businessRules,1,kept,,Pickup must start within a window (or within max_visit_lateness); early arrival waits (C2).,Pickup must start within a window (or within max_visit_lateness); early arrival waits (C2).,Existing enrichment,ACCEPT,
-SHP 357.00,shipments.pickup.time_windows,businessRules,2,kept,,Couples with the delivery window for precedence feasibility (C4).,Couples with the delivery window for precedence feasibility (C4).,Existing enrichment,ACCEPT,
-SHP 358.00,shipments.pickup.time_windows,businessRules,3,new,,,time_windows defines: Describe time periods within which the shipment pickup should be start. The time periods should be expressed as a UNIX timestamp in seconds. Please note that the time periods should not overlap wit…,Analytical business logic extraction,ACCEPT,
-SHP 359.00,shipments.pickup.time_windows,businessRules,4,new,,,Each element in time_windows must be valid and consistent with related fields.,Analytical business logic extraction,ACCEPT,
-SHP 360.00,shipments.pickup.time_windows,businessRules,5,new,,,Must stay consistent with: shipments.delivery.time_windows. Changes here may require validation of those fields.,Analytical business logic extraction,ACCEPT,
-SHP 361.00,shipments.pickup.time_windows,businessRules,6,new,,,"Rule: Capacity dimensions must match across jobs, shipments, and vehicles.",Analytical business logic extraction,ACCEPT,
-SHP 362.00,shipments.pickup.time_windows,businessRules,7,new,,,Rule: Shipments: pickup always occurs before delivery on the route.,Analytical business logic extraction,ACCEPT,
-SHP 363.00,shipments.pickup.time_windows,businessRules,8,new,,,Optional field. Omitting uses solver's default behavior (no penalty).,Analytical business logic extraction,ACCEPT,
-SHP 364.00,shipments.pickup.time_windows,validationRules,1,kept,,A window with end < start -> 400 input validation failed (C2 shared model; API Facts §4).,A window with end < start -> 400 input validation failed (C2 shared model; API Facts §4).,Existing enrichment,ACCEPT,
-SHP 365.00,shipments.pickup.time_windows,testingGuidance,1,kept,Positive,Positive: pickup step served within a single window (C2).,Positive: pickup step served within a single window (C2).,Existing enrichment,ACCEPT,
-SHP 366.00,shipments.pickup.time_windows,testingGuidance,2,kept,Boundary,"Boundary: instant pickup window [t,t] -> pickup starts exactly at t (C2 edge case).","Boundary: instant pickup window [t,t] -> pickup starts exactly at t (C2 edge case).",Existing enrichment,ACCEPT,
-SHP 367.00,shipments.pickup.time_windows,testingGuidance,3,kept,Negative-validation,Negative-validation: a pickup window with end < start -> 400 (C2).,Negative-validation: a pickup window with end < start -> 400 (C2).,Existing enrichment,ACCEPT,
-SHP 368.00,shipments.pickup.time_windows,testingGuidance,4,kept,Negative-infeasible,Negative-infeasible: pickup window strictly after the delivery window -> precedence infeasible -> both steps unassigned (C4 edge case).,Negative-infeasible: pickup window strictly after the delivery window -> precedence infeasible -> both steps unassigned (C4 edge case).,Existing enrichment,ACCEPT,
-SHP 369.00,shipments.pickup.time_windows,testingGuidance,5,kept,Interaction,Interaction: early arrival before the pickup window waits to window start (C2).,Interaction: early arrival before the pickup window waits to window start (C2).,Existing enrichment,ACCEPT,
-SHP 370.00,shipments.pickup.time_windows,testingGuidance,6,new,Positive,,Positive: omit optional field time_windows,Analytical spec deep-dive,ACCEPT,
-SHP 371.00,shipments.pickup.time_windows,testingGuidance,7,new,Interaction,,Interaction: Infeasible: delivery time window earlier than the pickup window -> precedence infeasible -> both unassigned.,Analytical spec deep-dive,ACCEPT,
-SHP 372.00,shipments.pickup.time_windows,testingGuidance,8,new,Interaction,,Interaction: Infeasible: two amount [3] shipments onboard together on capacity [5] -> one deferred by capacity.,Analytical spec deep-dive,ACCEPT,
-SHP 373.00,shipments.pickup.time_windows,testingGuidance,9,new,Interaction,,"Interaction: Precedence: pickup [10:00,11:00], delivery [09:00,09:30] (delivery before pickup) -> both unassigned.",Analytical spec deep-dive,ACCEPT,
-SHP 374.00,shipments.pickup.time_windows,testingGuidance,10,new,Interaction,,"Interaction: Infeasible: job window [09:00,09:30], max_visit_lateness 0, nearest vehicle arrives 09:45 -> unassigned.",Analytical spec deep-dive,ACCEPT,
-SHP 375.00,shipments.pickup.time_windows,testingGuidance,11,new,Interaction,,Interaction: Interaction: a long wait for a late window pushes route end past the shift -> unassigned (couples with max-duration-distance-cap).,Analytical spec deep-dive,ACCEPT,
-SHP 376.00,shipments.pickup.time_windows,testingGuidance,12,new,Interaction,,"Interaction: Shipment: delivery window [09:00,09:30], max_visit_lateness 15, nearest vehicle arrives 09:40 -> accepted within lateness.",Analytical spec deep-dive,ACCEPT,
-SHP 377.00,shipments.pickup.time_windows,testingGuidance,13,new,Interaction,,"Interaction: Break: break time_windows [12:00,13:00], vehicle arrives 12:30 -> break scheduled at 12:30.",Analytical spec deep-dive,ACCEPT,
-SHP 378.00,shipments.priority,summary,1,kept,,Importance of the shipment when demand is over-subscribed.,Importance of the shipment when demand is over-subscribed.,"Spec: Describe the priority of this shipment. The valid values are in the range of \[0, 100\]. Default value is 0. Please note that setting a priority will only decide whether this shipment will be assig…",ACCEPT,
-SHP 379.00,shipments.priority,range,1,kept,,"Integer in [0,100]. Default 0.","Integer in [0,100]. Default 0.","Spec: Describe the priority of this shipment. The valid values are in the range of \[0, 100\]. Default value is 0. Please note that setting a priority will only decide whether this shipment will be assig…",ACCEPT,
-SHP 380.00,shipments.priority,constraints,1,kept,,"Integer within [0,100].","Integer within [0,100].",Existing enrichment,ACCEPT,
-SHP 381.00,shipments.priority,businessRules,1,kept,,Tiebreaker only; cannot override hard constraints.,Tiebreaker only; cannot override hard constraints.,Existing enrichment,ACCEPT,
-SHP 382.00,shipments.priority,businessRules,2,new,,,"priority defines: Describe the priority of this shipment. The valid values are in the range of \[0, 100\]. Default value is 0. Please note that setting a priority will only decide whether this shipment will be assig…",Analytical business logic extraction,ACCEPT,
-SHP 383.00,shipments.priority,businessRules,3,new,,,Rule: Higher priority jobs are serviced first; ties break by job ID order.,Analytical business logic extraction,ACCEPT,
-SHP 384.00,shipments.priority,businessRules,4,new,,,Numeric field; verify sign (positive/negative) and unit from spec.,Analytical business logic extraction,ACCEPT,
-SHP 385.00,shipments.priority,businessRules,5,new,,,Optional field. Omitting uses solver's default behavior (no penalty).,Analytical business logic extraction,ACCEPT,
-SHP 386.00,shipments.priority,validationRules,1,kept,,"Outside [0,100] -> 400.","Outside [0,100] -> 400.",Existing enrichment,ACCEPT,
-SHP 387.00,shipments.priority,testingGuidance,1,kept,Boundary,Boundary: 0/100 valid; 101 -> 400.,Boundary: 0/100 valid; 101 -> 400.,Existing enrichment,ACCEPT,
-SHP 388.00,shipments.priority,testingGuidance,2,kept,,Behavioral: higher-priority shipment wins the last slot.,Behavioral: higher-priority shipment wins the last slot.,Existing enrichment,ACCEPT,
-SHP 389.00,shipments.priority,testingGuidance,3,new,Boundary,,Boundary: zero value (0),Analytical spec deep-dive,ACCEPT,
-SHP 390.00,shipments.priority,testingGuidance,4,new,Boundary,,Boundary: negative value (-1),Analytical spec deep-dive,ACCEPT,
-SHP 391.00,shipments.priority,testingGuidance,5,new,Boundary,,Boundary: very large value,Analytical spec deep-dive,ACCEPT,
-SHP 392.00,shipments.priority,testingGuidance,6,new,Positive,,Positive: omit optional field priority,Analytical spec deep-dive,ACCEPT,
-SHP 393.00,shipments.priority,testingGuidance,7,new,Interaction,,"Interaction: Combination: tight capacity + one high-priority + one low-priority job competing for the last slot -> high-priority assigned, low-priority unassigned.",Analytical spec deep-dive,ACCEPT,
-SHP 394.00,shipments.priority,testingGuidance,8,new,Interaction,,Interaction: Combination: high-priority job whose only skill is unavailable on any vehicle -> still unassigned despite priority.,Analytical spec deep-dive,ACCEPT,
-SHP 395.00,shipments.priority,testingGuidance,9,new,Interaction,,"Interaction: Interaction: two jobs with equal priority; one has outsourcing_cost 100, other 50 -> cost-based job assigned first.",Analytical spec deep-dive,ACCEPT,
-SHP 396.00,shipments.revenue,summary,1,kept,,Revenue from completing the shipment; used in the profit trade-off. Cannot combine with outsourcing_cost.,Revenue from completing the shipment; used in the profit trade-off. Cannot combine with outsourcing_cost.,Spec: Specify the revenue earned by completing this shipment. The optimizer uses the revenue input to identify the potential profit earned by fulfilling this shipment after taking into account the costs …,ACCEPT,
-SHP 397.00,shipments.revenue,range,1,kept,,Integer. Mutually exclusive with outsourcing_cost.,Integer. Mutually exclusive with outsourcing_cost.,Spec: Specify the revenue earned by completing this shipment. The optimizer uses the revenue input to identify the potential profit earned by fulfilling this shipment after taking into account the costs …,ACCEPT,
-SHP 398.00,shipments.revenue,constraints,1,kept,,Cannot be set together with outsourcing_cost.,Cannot be set together with outsourcing_cost.,Existing enrichment,ACCEPT,
-SHP 399.00,shipments.revenue,businessRules,1,new,,,revenue defines: Specify the revenue earned by completing this shipment. The optimizer uses the revenue input to identify the potential profit earned by fulfilling this shipment after taking into account the costs …,Analytical business logic extraction,ACCEPT,
-SHP 400.00,shipments.revenue,businessRules,2,new,,,Must stay consistent with: shipments.outsourcing_cost. Changes here may require validation of those fields.,Analytical business logic extraction,ACCEPT,
-SHP 401.00,shipments.revenue,businessRules,3,new,,,Numeric field; verify sign (positive/negative) and unit from spec.,Analytical business logic extraction,ACCEPT,
-SHP 402.00,shipments.revenue,businessRules,4,new,,,Optional field. Omitting uses solver's default behavior (no penalty).,Analytical business logic extraction,ACCEPT,
-SHP 403.00,shipments.revenue,validationRules,1,kept,,Both revenue and outsourcing_cost set -> 400.,Both revenue and outsourcing_cost set -> 400.,Existing enrichment,ACCEPT,
-SHP 404.00,shipments.revenue,testingGuidance,1,kept,Positive,Positive: revenue 800.,Positive: revenue 800.,Existing enrichment,ACCEPT,
-SHP 405.00,shipments.revenue,testingGuidance,2,kept,,Negative: revenue + outsourcing_cost together -> 400.,Negative: revenue + outsourcing_cost together -> 400.,Existing enrichment,ACCEPT,
-SHP 406.00,shipments.revenue,testingGuidance,3,new,Boundary,,Boundary: zero value (0),Analytical spec deep-dive,ACCEPT,
-SHP 407.00,shipments.revenue,testingGuidance,4,new,Boundary,,Boundary: negative value (-1),Analytical spec deep-dive,ACCEPT,
-SHP 408.00,shipments.revenue,testingGuidance,5,new,Boundary,,Boundary: very large value,Analytical spec deep-dive,ACCEPT,
-SHP 409.00,shipments.revenue,testingGuidance,6,new,Positive,,Positive: omit optional field revenue,Analytical spec deep-dive,ACCEPT,
-SHP 410.00,shipments.skills,summary,1,kept,,Skills required to perform BOTH steps of the shipment; the vehicle's skills must be a superset.,Skills required to perform BOTH steps of the shipment; the vehicle's skills must be a superset.,Spec: Define the skills needed to complete the shipment. This attribute supports multidimensional skills allowing users to add multiple skills for a shipment. Read more about the behavior of this attribu…,ACCEPT,
-SHP 411.00,shipments.skills,range,1,kept,,Array of positive integers.,Array of positive integers.,Spec: Define the skills needed to complete the shipment. This attribute supports multidimensional skills allowing users to add multiple skills for a shipment. Read more about the behavior of this attribu…,ACCEPT,
-SHP 412.00,shipments.skills,constraints,1,kept,,Each skill > 0.,Each skill > 0.,Existing enrichment,ACCEPT,
-SHP 413.00,shipments.skills,businessRules,1,kept,,Both pickup and delivery served by one vehicle whose skills superset these.,Both pickup and delivery served by one vehicle whose skills superset these.,Existing enrichment,ACCEPT,
-SHP 414.00,shipments.skills,businessRules,2,new,,,skills defines: Define the skills needed to complete the shipment. This attribute supports multidimensional skills allowing users to add multiple skills for a shipment. Read more about the behavior of this attribu…,Analytical business logic extraction,ACCEPT,
-SHP 415.00,shipments.skills,businessRules,3,new,,,Each element in skills must be valid and consistent with related fields.,Analytical business logic extraction,ACCEPT,
-SHP 416.00,shipments.skills,businessRules,4,new,,,Must stay consistent with: vehicles.skills. Changes here may require validation of those fields.,Analytical business logic extraction,ACCEPT,
-SHP 417.00,shipments.skills,businessRules,5,new,,,"Rule: Vehicle must have all skills required by the job (exact match, case-sensitive).",Analytical business logic extraction,ACCEPT,
-SHP 418.00,shipments.skills,businessRules,6,new,,,Optional field. Omitting uses solver's default behavior (no penalty).,Analytical business logic extraction,ACCEPT,
-SHP 419.00,shipments.skills,businessRules,7,new,,,Skills matching is case-sensitive and exact. Vehicle must have ALL skills required by job.,Analytical business logic extraction,ACCEPT,
-SHP 420.00,shipments.skills,testingGuidance,1,kept,Positive,"Positive: shipment skills [1] served by vehicle skills [1,4].","Positive: shipment skills [1] served by vehicle skills [1,4].",Existing enrichment,ACCEPT,
-SHP 421.00,shipments.skills,testingGuidance,2,kept,,Infeasible: no vehicle has the required skill -> both steps unassigned.,Infeasible: no vehicle has the required skill -> both steps unassigned.,Existing enrichment,ACCEPT,
-SHP 422.00,shipments.skills,testingGuidance,3,new,Positive,,Positive: omit optional field skills,Analytical spec deep-dive,ACCEPT,
-SHP 423.00,shipments.skills,testingGuidance,4,new,Interaction,,"Interaction: Infeasible: job needs skill 3, no vehicle has 3 -> unassigned.",Analytical spec deep-dive,ACCEPT,
-SHP 424.00,shipments.skills,testingGuidance,5,new,Interaction,,Interaction: Positive: job needs [2]; only the vehicle whose skills include 2 serves it.,Analytical spec deep-dive,ACCEPT,
-SHP 425.00,shipments.volume.alignment,summary,1,kept,,Cargo alignment rule for the shipment's volumetric packing.,Cargo alignment rule for the shipment's volumetric packing.,"Spec: Refers to the orientation of the cargo in the loading compartment. It supports the following values: * **"" ""** : A blank space to indicate that the dimension check for the cargo should be skipped. …",ACCEPT,
-SHP 426.00,shipments.volume.alignment,range,1,kept,,"Enum: strict | parallel | fixed_bottom | "" "" (default = skip check).","Enum: strict | parallel | fixed_bottom | "" "" (default = skip check).","Spec: Refers to the orientation of the cargo in the loading compartment. It supports the following values: * **"" ""** : A blank space to indicate that the dimension check for the cargo should be skipped. …",ACCEPT,
-SHP 427.00,shipments.volume.alignment,businessRules,1,new,,,"alignment defines: Refers to the orientation of the cargo in the loading compartment. It supports the following values: * **"" ""** : A blank space to indicate that the dimension check for the cargo should be skipped. …",Analytical business logic extraction,ACCEPT,
-SHP 428.00,shipments.volume.alignment,businessRules,2,new,,,"Valid options: strict, parallel, fixed_bottom, "" "". Each affects solver behavior differently.",Analytical business logic extraction,ACCEPT,
-SHP 429.00,shipments.volume.alignment,businessRules,3,new,,,Must stay consistent with: shipments.volume. Changes here may require validation of those fields.,Analytical business logic extraction,ACCEPT,
-SHP 430.00,shipments.volume.alignment,businessRules,4,new,,,Optional field. Omitting uses solver's default behavior (no penalty).,Analytical business logic extraction,ACCEPT,
-SHP 431.00,shipments.volume.alignment,validationRules,1,kept,,A value outside the enum set -> 400.,A value outside the enum set -> 400.,Existing enrichment,ACCEPT,
-SHP 432.00,shipments.volume.alignment,testingGuidance,1,kept,Positive,Positive: alignment 'strict'.,Positive: alignment 'strict'.,Existing enrichment,ACCEPT,
-SHP 433.00,shipments.volume.alignment,testingGuidance,2,kept,Boundary,Boundary: default ' ' skips the check.,Boundary: default ' ' skips the check.,Existing enrichment,ACCEPT,
-SHP 434.00,shipments.volume.alignment,testingGuidance,3,new,Positive,,"Positive: test with alignment set to ""strict""",Analytical spec deep-dive,ACCEPT,
-SHP 435.00,shipments.volume.alignment,testingGuidance,4,new,Positive,,"Positive: test with alignment set to ""parallel""",Analytical spec deep-dive,ACCEPT,
-SHP 436.00,shipments.volume.alignment,testingGuidance,5,new,Positive,,"Positive: test with alignment set to ""fixed_bottom""",Analytical spec deep-dive,ACCEPT,
-SHP 437.00,shipments.volume.alignment,testingGuidance,6,new,Positive,,"Positive: test with alignment set to """" """"",Analytical spec deep-dive,ACCEPT,
-SHP 438.00,shipments.volume.alignment,testingGuidance,7,new,Positive,,Positive: omit optional field alignment,Analytical spec deep-dive,ACCEPT,
-SHP 439.00,shipments.volume.depth,summary,1,kept,,Shipment cargo depth (meters).,Shipment cargo depth (meters).,"Spec: Cargo length, in meters.",ACCEPT,
-SHP 440.00,shipments.volume.depth,range,1,kept,,"Number, meters.","Number, meters.","Spec: Cargo length, in meters.",ACCEPT,
-SHP 441.00,shipments.volume.depth,constraints,1,kept,,Non-negative number.,Non-negative number.,Existing enrichment,ACCEPT,
-SHP 442.00,shipments.volume.depth,businessRules,1,new,,,"depth defines: Cargo length, in meters.",Analytical business logic extraction,ACCEPT,
-SHP 443.00,shipments.volume.depth,businessRules,2,new,,,Must stay consistent with: shipments.volume. Changes here may require validation of those fields.,Analytical business logic extraction,ACCEPT,
-SHP 444.00,shipments.volume.depth,businessRules,3,new,,,Numeric field; verify sign (positive/negative) and unit from spec.,Analytical business logic extraction,ACCEPT,
-SHP 445.00,shipments.volume.depth,businessRules,4,new,,,Optional field. Omitting uses solver's default behavior (no penalty).,Analytical business logic extraction,ACCEPT,
-SHP 446.00,shipments.volume.depth,testingGuidance,1,kept,Boundary,Boundary: depth equal to vehicle depth fits.,Boundary: depth equal to vehicle depth fits.,Existing enrichment,ACCEPT,
-SHP 447.00,shipments.volume.depth,testingGuidance,2,new,Boundary,,Boundary: zero value (0),Analytical spec deep-dive,ACCEPT,
-SHP 448.00,shipments.volume.depth,testingGuidance,3,new,Boundary,,Boundary: negative value (-1),Analytical spec deep-dive,ACCEPT,
-SHP 449.00,shipments.volume.depth,testingGuidance,4,new,Boundary,,Boundary: very large value,Analytical spec deep-dive,ACCEPT,
-SHP 450.00,shipments.volume.depth,testingGuidance,5,new,Positive,,Positive: omit optional field depth,Analytical spec deep-dive,ACCEPT,
-SHP 451.00,shipments.volume.height,summary,1,kept,,Shipment cargo height (meters).,Shipment cargo height (meters).,"Spec: Cargo height, in meters.",ACCEPT,
-SHP 452.00,shipments.volume.height,range,1,kept,,"Number, meters.","Number, meters.","Spec: Cargo height, in meters.",ACCEPT,
-SHP 453.00,shipments.volume.height,constraints,1,kept,,Non-negative number.,Non-negative number.,Existing enrichment,ACCEPT,
-SHP 454.00,shipments.volume.height,businessRules,1,new,,,"height defines: Cargo height, in meters.",Analytical business logic extraction,ACCEPT,
-SHP 455.00,shipments.volume.height,businessRules,2,new,,,Must stay consistent with: shipments.volume. Changes here may require validation of those fields.,Analytical business logic extraction,ACCEPT,
-SHP 456.00,shipments.volume.height,businessRules,3,new,,,Numeric field; verify sign (positive/negative) and unit from spec.,Analytical business logic extraction,ACCEPT,
-SHP 457.00,shipments.volume.height,businessRules,4,new,,,Optional field. Omitting uses solver's default behavior (no penalty).,Analytical business logic extraction,ACCEPT,
-SHP 458.00,shipments.volume.height,testingGuidance,1,kept,Boundary,Boundary: height equal to vehicle height fits.,Boundary: height equal to vehicle height fits.,Existing enrichment,ACCEPT,
-SHP 459.00,shipments.volume.height,testingGuidance,2,new,Boundary,,Boundary: zero value (0),Analytical spec deep-dive,ACCEPT,
-SHP 460.00,shipments.volume.height,testingGuidance,3,new,Boundary,,Boundary: negative value (-1),Analytical spec deep-dive,ACCEPT,
-SHP 461.00,shipments.volume.height,testingGuidance,4,new,Boundary,,Boundary: very large value,Analytical spec deep-dive,ACCEPT,
-SHP 462.00,shipments.volume.height,testingGuidance,5,new,Positive,,Positive: omit optional field height,Analytical spec deep-dive,ACCEPT,
-SHP 463.00,shipments.volume,summary,1,kept,,Volumetric demand of the shipment; needs a vehicle that declares volume.,Volumetric demand of the shipment; needs a vehicle that declares volume.,Spec: Specify the dimensions and alignment configurations for the cargo associated with the shipment. These inputs will be used to arrange the items into the loading compartment of the vehicle to utilize…,ACCEPT,
-SHP 464.00,shipments.volume,range,1,kept,,"Object: { width, depth, height (meters), alignment }.","Object: { width, depth, height (meters), alignment }.",Spec: Specify the dimensions and alignment configurations for the cargo associated with the shipment. These inputs will be used to arrange the items into the loading compartment of the vehicle to utilize…,ACCEPT,
-SHP 465.00,shipments.volume,businessRules,1,kept,,A shipment with volume can only ride a vehicle that declares sufficient volume.,A shipment with volume can only ride a vehicle that declares sufficient volume.,Existing enrichment,ACCEPT,
-SHP 466.00,shipments.volume,businessRules,2,new,,,volume defines: Specify the dimensions and alignment configurations for the cargo associated with the shipment. These inputs will be used to arrange the items into the loading compartment of the vehicle to utilize…,Analytical business logic extraction,ACCEPT,
-SHP 467.00,shipments.volume,businessRules,3,new,,,"Must stay consistent with: shipments.volume.alignment, vehicles.volume. Changes here may require validation of those fields.",Analytical business logic extraction,ACCEPT,
-SHP 468.00,shipments.volume,businessRules,4,new,,,Optional field. Omitting uses solver's default behavior (no penalty).,Analytical business logic extraction,ACCEPT,
-SHP 469.00,shipments.volume,testingGuidance,1,kept,Positive,Positive: shipment volume fits the vehicle.,Positive: shipment volume fits the vehicle.,Existing enrichment,ACCEPT,
-SHP 470.00,shipments.volume,testingGuidance,2,kept,,Infeasible: shipment volume larger than any vehicle's -> unassigned.,Infeasible: shipment volume larger than any vehicle's -> unassigned.,Existing enrichment,ACCEPT,
-SHP 471.00,shipments.volume,testingGuidance,3,new,Positive,,Positive: omit optional field volume,Analytical spec deep-dive,ACCEPT,
-SHP 472.00,shipments.volume.width,summary,1,kept,,Shipment cargo width (meters).,Shipment cargo width (meters).,"Spec: Cargo width, in meters.",ACCEPT,
-SHP 473.00,shipments.volume.width,range,1,kept,,"Number, meters.","Number, meters.","Spec: Cargo width, in meters.",ACCEPT,
-SHP 474.00,shipments.volume.width,constraints,1,kept,,Non-negative number.,Non-negative number.,Existing enrichment,ACCEPT,
-SHP 475.00,shipments.volume.width,businessRules,1,new,,,"width defines: Cargo width, in meters.",Analytical business logic extraction,ACCEPT,
-SHP 476.00,shipments.volume.width,businessRules,2,new,,,Must stay consistent with: shipments.volume. Changes here may require validation of those fields.,Analytical business logic extraction,ACCEPT,
-SHP 477.00,shipments.volume.width,businessRules,3,new,,,Numeric field; verify sign (positive/negative) and unit from spec.,Analytical business logic extraction,ACCEPT,
-SHP 478.00,shipments.volume.width,businessRules,4,new,,,Optional field. Omitting uses solver's default behavior (no penalty).,Analytical business logic extraction,ACCEPT,
-SHP 479.00,shipments.volume.width,testingGuidance,1,kept,Boundary,Boundary: width equal to vehicle width fits.,Boundary: width equal to vehicle width fits.,Existing enrichment,ACCEPT,
-SHP 480.00,shipments.volume.width,testingGuidance,2,new,Boundary,,Boundary: zero value (0),Analytical spec deep-dive,ACCEPT,
-SHP 481.00,shipments.volume.width,testingGuidance,3,new,Boundary,,Boundary: negative value (-1),Analytical spec deep-dive,ACCEPT,
-SHP 482.00,shipments.volume.width,testingGuidance,4,new,Boundary,,Boundary: very large value,Analytical spec deep-dive,ACCEPT,
-SHP 483.00,shipments.volume.width,testingGuidance,5,new,Positive,,Positive: omit optional field width,Analytical spec deep-dive,ACCEPT,
-SHP 484.00,shipments.zones,summary,1,kept,,Zone IDs constraining eligible vehicles; both steps' zones are considered.,Zone IDs constraining eligible vehicles; both steps' zones are considered.,Spec: An array of integers specifying the IDs of the zone(s) that this shipment belongs to. The shipment can be fulfilled by all vehicles which are allowed to complete tasks in the zone(s) assigned to th…,ACCEPT,
-SHP 485.00,shipments.zones,range,1,kept,,Array of integer zone IDs.,Array of integer zone IDs.,Spec: An array of integers specifying the IDs of the zone(s) that this shipment belongs to. The shipment can be fulfilled by all vehicles which are allowed to complete tasks in the zone(s) assigned to th…,ACCEPT,
-SHP 486.00,shipments.zones,businessRules,1,kept,,A vehicle must be allowed in the zones of BOTH pickup and delivery.,A vehicle must be allowed in the zones of BOTH pickup and delivery.,Existing enrichment,ACCEPT,
-SHP 487.00,shipments.zones,businessRules,2,new,,,zones defines: An array of integers specifying the IDs of the zone(s) that this shipment belongs to. The shipment can be fulfilled by all vehicles which are allowed to complete tasks in the zone(s) assigned to th…,Analytical business logic extraction,ACCEPT,
-SHP 488.00,shipments.zones,businessRules,3,new,,,Each element in zones must be valid and consistent with related fields.,Analytical business logic extraction,ACCEPT,
-SHP 489.00,shipments.zones,businessRules,4,new,,,Must stay consistent with: vehicles.allowed_zones. Changes here may require validation of those fields.,Analytical business logic extraction,ACCEPT,
-SHP 490.00,shipments.zones,businessRules,5,new,,,Rule: Vehicle's allowed_zones must include the job/shipment's zones.,Analytical business logic extraction,ACCEPT,
-SHP 491.00,shipments.zones,businessRules,6,new,,,Optional field. Omitting uses solver's default behavior (no penalty).,Analytical business logic extraction,ACCEPT,
-SHP 492.00,shipments.zones,businessRules,7,new,,,Vehicle and job zones must intersect. Vehicle without zone restrictions can serve any zone.,Analytical business logic extraction,ACCEPT,
-SHP 493.00,shipments.zones,testingGuidance,1,kept,,Infeasible: pickup and delivery in different zones with no vehicle allowed in both -> unassigned.,Infeasible: pickup and delivery in different zones with no vehicle allowed in both -> unassigned.,Existing enrichment,ACCEPT,
-SHP 494.00,shipments.zones,testingGuidance,2,new,Positive,,Positive: omit optional field zones,Analytical spec deep-dive,ACCEPT,
-SHP 495.00,shipments.zones,testingGuidance,3,new,Interaction,,Interaction: Infeasible: job in zone 2 with every vehicle restricting or not allowing zone 2 -> unassigned.,Analytical spec deep-dive,ACCEPT,
-SHP 496.00,shipments.zones,testingGuidance,4,new,Interaction,,"Interaction: Positive: job zones [1], vehicle allowed_zones [1] -> served.",Analytical spec deep-dive,ACCEPT,