row_id,path,field,item_index,origin,category_tag,current_text,suggested_text,rationale,decision,sme_notes
VEH-001,vehicles.allowed_zones,summary,1,kept,,Zones the vehicle may serve tasks in.,Zones the vehicle may serve tasks in.,"Spec: Specifies the zones where the vehicle is allowed to fulfil any tasks. Please note the following: * If this parameter is provided, then the vehicle can fulfil tasks only in the given zones but, it i…",ACCEPT,
VEH-002,vehicles.allowed_zones,range,1,kept,,Array of integer zone IDs. Empty array = only zone-less tasks. Omitted = all zones.,Array of integer zone IDs. Empty array = only zone-less tasks. Omitted = all zones.,"Spec: Specifies the zones where the vehicle is allowed to fulfil any tasks. Please note the following: * If this parameter is provided, then the vehicle can fulfil tasks only in the given zones but, it i…",ACCEPT,
VEH-003,vehicles.allowed_zones,businessRules,1,kept,,Empty allowed_zones restricts the vehicle to tasks with no zone.,Empty allowed_zones restricts the vehicle to tasks with no zone.,Existing enrichment,ACCEPT,
VEH-004,vehicles.allowed_zones,businessRules,2,kept,,A task in a non-allowed zone cannot be served by this vehicle.,A task in a non-allowed zone cannot be served by this vehicle.,Existing enrichment,ACCEPT,
VEH-005,vehicles.allowed_zones,businessRules,3,new,,,"allowed_zones defines: Specifies the zones where the vehicle is allowed to fulfil any tasks. Please note the following: * If this parameter is provided, then the vehicle can fulfil tasks only in the given zones but, it i…",Analytical business logic extraction,ACCEPT,
VEH-006,vehicles.allowed_zones,businessRules,4,new,,,Each element in allowed_zones must be valid and consistent with related fields.,Analytical business logic extraction,ACCEPT,
VEH-007,vehicles.allowed_zones,businessRules,5,new,,,"Must stay consistent with: jobs.zones, vehicles.restricted_zones. Changes here may require validation of those fields.",Analytical business logic extraction,ACCEPT,
VEH-008,vehicles.allowed_zones,businessRules,6,new,,,Rule: Vehicle's allowed_zones must include the job/shipment's zones.,Analytical business logic extraction,ACCEPT,
VEH-009,vehicles.allowed_zones,businessRules,7,new,,,Optional field. Omitting uses solver's default behavior (no penalty).,Analytical business logic extraction,ACCEPT,
VEH-010,vehicles.allowed_zones,businessRules,8,new,,,Vehicle and job zones must intersect. Vehicle without zone restrictions can serve any zone.,Analytical business logic extraction,ACCEPT,
VEH-011,vehicles.allowed_zones,testingGuidance,1,kept,Positive,Positive: allowed_zones [1] serves jobs.zones [1].,Positive: allowed_zones [1] serves jobs.zones [1].,Existing enrichment,ACCEPT,
VEH-012,vehicles.allowed_zones,testingGuidance,2,kept,,Infeasible: a job in zone 2 with no vehicle allowed there -> unassigned.,Infeasible: a job in zone 2 with no vehicle allowed there -> unassigned.,Existing enrichment,ACCEPT,
VEH-013,vehicles.allowed_zones,testingGuidance,3,kept,Boundary,Boundary: empty allowed_zones + a zoned job -> unassigned.,Boundary: empty allowed_zones + a zoned job -> unassigned.,Existing enrichment,ACCEPT,
VEH-014,vehicles.allowed_zones,testingGuidance,4,new,Positive,,Positive: omit optional field allowed_zones,Analytical spec deep-dive,ACCEPT,
VEH-015,vehicles.allowed_zones,testingGuidance,5,new,Interaction,,Interaction: Infeasible: job in zone 2 with every vehicle restricting or not allowing zone 2 -> unassigned.,Analytical spec deep-dive,ACCEPT,
VEH-016,vehicles.allowed_zones,testingGuidance,6,new,Interaction,,"Interaction: Positive: job zones [1], vehicle allowed_zones [1] -> served.",Analytical spec deep-dive,ACCEPT,
VEH-017,vehicles.alternative_capacities,summary,1,kept,,Alternate capacity configurations the vehicle can adopt (the solver picks one).,Alternate capacity configurations the vehicle can adopt (the solver picks one).,Spec: An array of alternate capacity configurations for the vehicle. Each array should have same number of dimensions as those configured when specifying task loads/quantities. Multiple arrays can also b…,ACCEPT,
VEH-018,vehicles.alternative_capacities,range,1,kept,,Array of integer arrays; each inner array has the SAME dimension count as capacity. Cannot be shared/merged across vehicles.,Array of integer arrays; each inner array has the SAME dimension count as capacity. Cannot be shared/merged across vehicles.,Spec: An array of alternate capacity configurations for the vehicle. Each array should have same number of dimensions as those configured when specifying task loads/quantities. Multiple arrays can also b…,ACCEPT,
VEH-019,vehicles.alternative_capacities,constraints,1,kept,,Each inner array's length must equal capacity's dimension count.,Each inner array's length must equal capacity's dimension count.,Existing enrichment,ACCEPT,
VEH-020,vehicles.alternative_capacities,businessRules,1,new,,,alternative_capacities defines: An array of alternate capacity configurations for the vehicle. Each array should have same number of dimensions as those configured when specifying task loads/quantities. Multiple arrays can also b…,Analytical business logic extraction,ACCEPT,
VEH-021,vehicles.alternative_capacities,businessRules,2,new,,,Each element in alternative_capacities must be valid and consistent with related fields.,Analytical business logic extraction,ACCEPT,
VEH-022,vehicles.alternative_capacities,businessRules,3,new,,,Must stay consistent with: vehicles.capacity. Changes here may require validation of those fields.,Analytical business logic extraction,ACCEPT,
VEH-023,vehicles.alternative_capacities,businessRules,4,new,,,"Rule: Capacity dimensions must match across jobs, shipments, and vehicles.",Analytical business logic extraction,ACCEPT,
VEH-024,vehicles.alternative_capacities,businessRules,5,new,,,Optional field. Omitting uses solver's default behavior (no penalty).,Analytical business logic extraction,ACCEPT,
VEH-025,vehicles.alternative_capacities,validationRules,1,kept,,Dimension mismatch vs capacity -> 400.,Dimension mismatch vs capacity -> 400.,Existing enrichment,ACCEPT,
VEH-026,vehicles.alternative_capacities,testingGuidance,1,kept,Positive,"Positive: two alt configs [[10],[20]] — solver adopts the one that fits demand.","Positive: two alt configs [[10],[20]] — solver adopts the one that fits demand.",Existing enrichment,ACCEPT,
VEH-027,vehicles.alternative_capacities,testingGuidance,2,kept,,Negative: an alt config with a different dimension count than capacity -> 400.,Negative: an alt config with a different dimension count than capacity -> 400.,Existing enrichment,ACCEPT,
VEH-028,vehicles.alternative_capacities,testingGuidance,3,new,Positive,,Positive: omit optional field alternative_capacities,Analytical spec deep-dive,ACCEPT,
VEH-029,vehicles.alternative_capacities,testingGuidance,4,new,Interaction,,"Interaction: Negative: capacity [10,100] but a job delivery [5] (1 dim vs 2) -> HTTP 400 input validation failed.",Analytical spec deep-dive,ACCEPT,
VEH-030,vehicles.alternative_capacities,testingGuidance,5,new,Interaction,,"Interaction: Positive: capacity [10,100] with all deliveries/pickups/amounts 2-dimensional -> accepted.",Analytical spec deep-dive,ACCEPT,
VEH-031,vehicles.alternative_capacities,testingGuidance,6,new,Interaction,,Interaction: Consistency: alternative_capacities with different dimension than primary capacity -> HTTP 400.,Analytical spec deep-dive,ACCEPT,
VEH-032,vehicles.alternative_capacities,testingGuidance,7,new,Interaction,,"Interaction: Consistency: min_stop_load [20,30] but capacity [10,100] only -> dimension mismatch HTTP 400.",Analytical spec deep-dive,ACCEPT,
VEH-033,vehicles.breaks,summary,1,kept,,Mandatory driver breaks scheduled within permitted windows; appear as break steps in the route.,Mandatory driver breaks scheduled within permitted windows; appear as break steps in the route.,"Spec: The breaks attribute is used to provide details of breaks that a driver can take during their route. For each break, multiple time windows can be provided during which the break can actually be tak…",ACCEPT,
VEH-034,vehicles.breaks,range,1,kept,,Array of break objects. Only ONE of breaks / layover_config allowed per vehicle.,Array of break objects. Only ONE of breaks / layover_config allowed per vehicle.,"Spec: The breaks attribute is used to provide details of breaks that a driver can take during their route. For each break, multiple time windows can be provided during which the break can actually be tak…",ACCEPT,
VEH-035,vehicles.breaks,constraints,1,kept,,Cannot be combined with layover_config on the same vehicle.,Cannot be combined with layover_config on the same vehicle.,Existing enrichment,ACCEPT,
VEH-036,vehicles.breaks,businessRules,1,kept,,"Each break must be scheduled inside one of its time_windows, which must lie within the vehicle's shift.","Each break must be scheduled inside one of its time_windows, which must lie within the vehicle's shift.",Existing enrichment,ACCEPT,
VEH-037,vehicles.breaks,businessRules,2,new,,,"breaks defines: The breaks attribute is used to provide details of breaks that a driver can take during their route. For each break, multiple time windows can be provided during which the break can actually be tak…",Analytical business logic extraction,ACCEPT,
VEH-038,vehicles.breaks,businessRules,3,new,,,Each element in breaks must be valid and consistent with related fields.,Analytical business logic extraction,ACCEPT,
VEH-039,vehicles.breaks,businessRules,4,new,,,"Must stay consistent with: vehicles.breaks.time_windows, vehicles.time_window, vehicles.layover_config. Changes here may require validation of those fields.",Analytical business logic extraction,ACCEPT,
VEH-040,vehicles.breaks,businessRules,5,new,,,Optional field. Omitting uses solver's default behavior (no penalty).,Analytical business logic extraction,ACCEPT,
VEH-041,vehicles.breaks,validationRules,1,kept,,Both breaks and layover_config set -> 400.,Both breaks and layover_config set -> 400.,Existing enrichment,ACCEPT,
VEH-042,vehicles.breaks,testingGuidance,1,kept,Positive,Positive: one lunch break inside the shift.,Positive: one lunch break inside the shift.,Existing enrichment,ACCEPT,
VEH-043,vehicles.breaks,testingGuidance,2,kept,,Negative: breaks + layover_config together -> 400.,Negative: breaks + layover_config together -> 400.,Existing enrichment,ACCEPT,
VEH-044,vehicles.breaks,testingGuidance,3,kept,,Infeasible: a break window outside the vehicle's time_window -> unschedulable.,Infeasible: a break window outside the vehicle's time_window -> unschedulable.,Existing enrichment,ACCEPT,
VEH-045,vehicles.breaks,testingGuidance,4,new,Positive,,Positive: omit optional field breaks,Analytical spec deep-dive,ACCEPT,
VEH-046,vehicles.breaks.service,summary,1,kept,,Duration of a driver break (seconds).,Duration of a driver break (seconds).,"Spec: Specify the break duration, in seconds.",ACCEPT,
VEH-047,vehicles.breaks.service,range,1,kept,,Non-negative integer seconds. Default 0.,Non-negative integer seconds. Default 0.,"Spec: Specify the break duration, in seconds.",ACCEPT,
VEH-048,vehicles.breaks.service,constraints,1,kept,,Non-negative integer seconds.,Non-negative integer seconds.,Existing enrichment,ACCEPT,
VEH-049,vehicles.breaks.service,businessRules,1,kept,,Break duration adds to elapsed/working time and can push the route past the shift or max_working_time.,Break duration adds to elapsed/working time and can push the route past the shift or max_working_time.,Existing enrichment,ACCEPT,
VEH-050,vehicles.breaks.service,businessRules,2,new,,,"service defines: Specify the break duration, in seconds.",Analytical business logic extraction,ACCEPT,
VEH-051,vehicles.breaks.service,businessRules,3,new,,,Must stay consistent with: vehicles.max_working_time. Changes here may require validation of those fields.,Analytical business logic extraction,ACCEPT,
VEH-052,vehicles.breaks.service,businessRules,4,new,,,Numeric field; verify sign (positive/negative) and unit from spec.,Analytical business logic extraction,ACCEPT,
VEH-053,vehicles.breaks.service,businessRules,5,new,,,Optional field. Omitting uses solver's default behavior (no penalty).,Analytical business logic extraction,ACCEPT,
VEH-054,vehicles.breaks.service,testingGuidance,1,kept,Positive,Positive: service 1800 (30-min break).,Positive: service 1800 (30-min break).,Existing enrichment,ACCEPT,
VEH-055,vehicles.breaks.service,testingGuidance,2,kept,Interaction,Interaction: a long break inflates working time and can breach max_working_time (C6).,Interaction: a long break inflates working time and can breach max_working_time (C6).,Existing enrichment,ACCEPT,
VEH-056,vehicles.breaks.service,testingGuidance,3,new,Boundary,,Boundary: zero value (0),Analytical spec deep-dive,ACCEPT,
VEH-057,vehicles.breaks.service,testingGuidance,4,new,Boundary,,Boundary: negative value (-1),Analytical spec deep-dive,ACCEPT,
VEH-058,vehicles.breaks.service,testingGuidance,5,new,Boundary,,Boundary: very large value,Analytical spec deep-dive,ACCEPT,
VEH-059,vehicles.breaks.service,testingGuidance,6,new,Positive,,Positive: omit optional field service,Analytical spec deep-dive,ACCEPT,
VEH-060,vehicles.breaks.service,testingGuidance,7,new,Interaction,,Interaction: Infeasible: nearest task's leg alone exceeds max_travel_time -> vehicle serves nothing.,Analytical spec deep-dive,ACCEPT,
VEH-061,vehicles.breaks.service,testingGuidance,8,new,Interaction,,Interaction: Interaction: a 40-min wait for a late window pushes route end past the shift -> unassigned.,Analytical spec deep-dive,ACCEPT,
VEH-062,vehicles.breaks.service,testingGuidance,9,new,Interaction,,"Interaction: Break duration: vehicle with max_working_time 480 and two 30-min breaks + 8h driving -> working time 480 (hits cap, no room for service).",Analytical spec deep-dive,ACCEPT,
VEH-063,vehicles.breaks.service,testingGuidance,10,new,Interaction,,"Interaction: Layover: max_working_time 480, 120-min layover + 360-min driving -> working time exactly 480.",Analytical spec deep-dive,ACCEPT,
VEH-064,vehicles.breaks.time_windows,summary,1,kept,,Allowed start slots for a driver break; must sit inside the vehicle's shift. Required on a break.,Allowed start slots for a driver break; must sit inside the vehicle's shift. Required on a break.,Spec: Describe the possible time slots for the driver's break period to start. The time periods should be expressed as a UNIX timestamp in seconds. Please note that * Individual time window should not ov…,ACCEPT,
VEH-065,vehicles.breaks.time_windows,range,1,kept,,"Required array of [start,end] Unix-second pairs; non-overlapping; each within the vehicle's time_window.","Required array of [start,end] Unix-second pairs; non-overlapping; each within the vehicle's time_window.",Spec: Describe the possible time slots for the driver's break period to start. The time periods should be expressed as a UNIX timestamp in seconds. Please note that * Individual time window should not ov…,ACCEPT,
VEH-066,vehicles.breaks.time_windows,constraints,1,kept,,Required on each break.,Required on each break.,Existing enrichment,ACCEPT,
VEH-067,vehicles.breaks.time_windows,constraints,2,kept,,Non-overlapping; each window within vehicles.time_window.,Non-overlapping; each window within vehicles.time_window.,Existing enrichment,ACCEPT,
VEH-068,vehicles.breaks.time_windows,businessRules,1,new,,,time_windows defines: Describe the possible time slots for the driver's break period to start. The time periods should be expressed as a UNIX timestamp in seconds. Please note that * Individual time window should not ov…,Analytical business logic extraction,ACCEPT,
VEH-069,vehicles.breaks.time_windows,businessRules,2,new,,,Each element in time_windows must be valid and consistent with related fields.,Analytical business logic extraction,ACCEPT,
VEH-070,vehicles.breaks.time_windows,businessRules,3,new,,,"Must stay consistent with: vehicles.time_window, vehicles.breaks.service. Changes here may require validation of those fields.",Analytical business logic extraction,ACCEPT,
VEH-071,vehicles.breaks.time_windows,businessRules,4,new,,,Rule: Shipments: pickup always occurs before delivery on the route.,Analytical business logic extraction,ACCEPT,
VEH-072,vehicles.breaks.time_windows,businessRules,5,new,,,Optional field. Omitting uses solver's default behavior (no penalty).,Analytical business logic extraction,ACCEPT,
VEH-073,vehicles.breaks.time_windows,validationRules,1,kept,,A break window outside the shift -> unschedulable / infeasible.,A break window outside the shift -> unschedulable / infeasible.,Existing enrichment,ACCEPT,
VEH-074,vehicles.breaks.time_windows,validationRules,2,kept,,Overlapping break windows -> 400.,Overlapping break windows -> 400.,Existing enrichment,ACCEPT,
VEH-075,vehicles.breaks.time_windows,testingGuidance,1,kept,Positive,"Positive: break window [43200,46800] inside a 09:00–17:00 shift.","Positive: break window [43200,46800] inside a 09:00–17:00 shift.",Existing enrichment,ACCEPT,
VEH-076,vehicles.breaks.time_windows,testingGuidance,2,kept,,Infeasible: break window entirely outside the shift.,Infeasible: break window entirely outside the shift.,Existing enrichment,ACCEPT,
VEH-077,vehicles.breaks.time_windows,testingGuidance,3,new,Positive,,Positive: omit optional field time_windows,Analytical spec deep-dive,ACCEPT,
VEH-078,vehicles.breaks.time_windows,testingGuidance,4,new,Interaction,,"Interaction: Infeasible: job window [09:00,09:30], max_visit_lateness 0, nearest vehicle arrives 09:45 -> unassigned.",Analytical spec deep-dive,ACCEPT,
VEH-079,vehicles.breaks.time_windows,testingGuidance,5,new,Interaction,,Interaction: Interaction: a long wait for a late window pushes route end past the shift -> unassigned (couples with max-duration-distance-cap).,Analytical spec deep-dive,ACCEPT,
VEH-080,vehicles.breaks.time_windows,testingGuidance,6,new,Interaction,,"Interaction: Shipment: delivery window [09:00,09:30], max_visit_lateness 15, nearest vehicle arrives 09:40 -> accepted within lateness.",Analytical spec deep-dive,ACCEPT,
VEH-081,vehicles.breaks.time_windows,testingGuidance,7,new,Interaction,,"Interaction: Break: break time_windows [12:00,13:00], vehicle arrives 12:30 -> break scheduled at 12:30.",Analytical spec deep-dive,ACCEPT,
VEH-082,vehicles.capacity,summary,1,kept,,Multi-dimensional maximum load a vehicle can carry. Cumulative onboard load must never exceed capacity on any dimension at any point along the route.,Multi-dimensional maximum load a vehicle can carry. Cumulative onboard load must never exceed capacity on any dimension at any point along the route.,Spec: capacity attribute is used to define multidimensional capacities of the vehicle. It is recommended to keep the dimensions of capacity consistent with the dimensions provided in quantity related att…,ACCEPT,
VEH-083,vehicles.capacity,range,1,kept,,"Array of non-negative integers, one value per load dimension (e.g. [weight, volume, pallets]). No fixed upper bound in the spec.","Array of non-negative integers, one value per load dimension (e.g. [weight, volume, pallets]). No fixed upper bound in the spec.",Spec: capacity attribute is used to define multidimensional capacities of the vehicle. It is recommended to keep the dimensions of capacity consistent with the dimensions provided in quantity related att…,ACCEPT,
VEH-084,vehicles.capacity,constraints,1,kept,,Values must be non-negative integers.,Values must be non-negative integers.,Existing enrichment,ACCEPT,
VEH-085,vehicles.capacity,constraints,2,kept,,"Dimension count must stay consistent with jobs[].delivery, jobs[].pickup, and shipments[].amount.","Dimension count must stay consistent with jobs[].delivery, jobs[].pickup, and shipments[].amount.",Existing enrichment,ACCEPT,
VEH-086,vehicles.capacity,businessRules,1,kept,,"Hard constraint: for every dimension d, running onboard load <= capacity[d] at every step of the route.","Hard constraint: for every dimension d, running onboard load <= capacity[d] at every step of the route.",Existing enrichment,ACCEPT,
VEH-087,vehicles.capacity,businessRules,2,kept,,"Pickups increase load mid-route, so a load that is feasible at the depot can still breach capacity between a pickup and its delivery.","Pickups increase load mid-route, so a load that is feasible at the depot can still breach capacity between a pickup and its delivery.",Existing enrichment,ACCEPT,
VEH-088,vehicles.capacity,businessRules,3,kept,,"When violated, the offending task is placed in result.unassigned[] with a capacity reason; the solve still returns HTTP 200 and result.code == 0.","When violated, the offending task is placed in result.unassigned[] with a capacity reason; the solve still returns HTTP 200 and result.code == 0.",Existing enrichment,ACCEPT,
VEH-089,vehicles.capacity,businessRules,4,new,,,capacity defines: capacity attribute is used to define multidimensional capacities of the vehicle. It is recommended to keep the dimensions of capacity consistent with the dimensions provided in quantity related att…,Analytical business logic extraction,ACCEPT,
VEH-090,vehicles.capacity,businessRules,5,new,,,Each element in capacity must be valid and consistent with related fields.,Analytical business logic extraction,ACCEPT,
VEH-091,vehicles.capacity,businessRules,6,new,,,"Must stay consistent with: jobs.delivery, jobs.pickup, shipments.amount. Changes here may require validation of those fields.",Analytical business logic extraction,ACCEPT,
VEH-092,vehicles.capacity,businessRules,7,new,,,"Rule: Capacity dimensions must match across jobs, shipments, and vehicles.",Analytical business logic extraction,ACCEPT,
VEH-093,vehicles.capacity,businessRules,8,new,,,Rule: Higher priority jobs are serviced first; ties break by job ID order.,Analytical business logic extraction,ACCEPT,
VEH-094,vehicles.capacity,businessRules,9,new,,,Optional field. Omitting uses solver's default behavior (no penalty).,Analytical business logic extraction,ACCEPT,
VEH-095,vehicles.capacity,validationRules,1,kept,,Inconsistent dimension lengths across capacity/delivery/pickup/amount -> 400 input validation failed.,Inconsistent dimension lengths across capacity/delivery/pickup/amount -> 400 input validation failed.,Existing enrichment,ACCEPT,
VEH-096,vehicles.capacity,validationRules,2,kept,,Negative capacity value -> 400 input validation failed.,Negative capacity value -> 400 input validation failed.,Existing enrichment,ACCEPT,
VEH-097,vehicles.capacity,testingGuidance,1,kept,Positive,Positive: capacity [100] with a single delivery [40] -> onboard load <= 100 at every step.,Positive: capacity [100] with a single delivery [40] -> onboard load <= 100 at every step.,Existing enrichment,ACCEPT,
VEH-098,vehicles.capacity,testingGuidance,2,kept,Boundary,Boundary: demand exactly equal to capacity (delivery [50] on capacity [50]) fits.,Boundary: demand exactly equal to capacity (delivery [50] on capacity [50]) fits.,Existing enrichment,ACCEPT,
VEH-099,vehicles.capacity,testingGuidance,3,kept,,"Multi-dimension: capacity [10,100] with all deliveries/pickups/amounts 2-D and within both bounds -> accepted.","Multi-dimension: capacity [10,100] with all deliveries/pickups/amounts 2-D and within both bounds -> accepted.",Existing enrichment,ACCEPT,
VEH-100,vehicles.capacity,testingGuidance,4,kept,Negative-validation,Negative-validation: negative capacity value like [-5] -> 400.,Negative-validation: negative capacity value like [-5] -> 400.,Existing enrichment,ACCEPT,
VEH-101,vehicles.capacity,testingGuidance,5,kept,Negative-validation,"Negative-validation: dimension mismatch (capacity [10,100] but a job delivery [5]) -> 400.","Negative-validation: dimension mismatch (capacity [10,100] but a job delivery [5]) -> 400.",Existing enrichment,ACCEPT,
VEH-102,vehicles.capacity,testingGuidance,6,kept,Negative-infeasible,"Negative-infeasible: a single job whose delivery exceeds every vehicle's capacity -> in result.unassigned (capacity reason), still HTTP 200, result.code 0.","Negative-infeasible: a single job whose delivery exceeds every vehicle's capacity -> in result.unassigned (capacity reason), still HTTP 200, result.code 0.",Existing enrichment,ACCEPT,
VEH-103,vehicles.capacity,testingGuidance,7,kept,Negative-infeasible,"Negative-infeasible: capacity [10,100] with deliveries [2,60]+[2,50] breaches VOLUME (110>100) though weight (4<=10) is fine -> second job unassigned by volume.","Negative-infeasible: capacity [10,100] with deliveries [2,60]+[2,50] breaches VOLUME (110>100) though weight (4<=10) is fine -> second job unassigned by volume.",Existing enrichment,ACCEPT,
VEH-104,vehicles.capacity,testingGuidance,8,kept,Negative-infeasible,Negative-infeasible: N jobs each delivery [1] on capacity [N] all fit; the (N+1)th on the same route breaches -> unassigned.,Negative-infeasible: N jobs each delivery [1] on capacity [N] all fit; the (N+1)th on the same route breaches -> unassigned.,Existing enrichment,ACCEPT,
VEH-105,vehicles.capacity,testingGuidance,9,kept,Interaction,Interaction: zero-quantity demand is always capacity-feasible (a weightless stop).,Interaction: zero-quantity demand is always capacity-feasible (a weightless stop).,Existing enrichment,ACCEPT,
VEH-106,vehicles.capacity,testingGuidance,10,new,Positive,,Positive: omit optional field capacity,Analytical spec deep-dive,ACCEPT,
VEH-107,vehicles.capacity,testingGuidance,11,new,Interaction,,"Interaction: Negative: capacity [10,100] but a job delivery [5] (1 dim vs 2) -> HTTP 400 input validation failed.",Analytical spec deep-dive,ACCEPT,
VEH-108,vehicles.capacity,testingGuidance,12,new,Interaction,,"Interaction: Positive: capacity [10,100] with all deliveries/pickups/amounts 2-dimensional -> accepted.",Analytical spec deep-dive,ACCEPT,
VEH-109,vehicles.capacity,testingGuidance,13,new,Interaction,,Interaction: Consistency: alternative_capacities with different dimension than primary capacity -> HTTP 400.,Analytical spec deep-dive,ACCEPT,
VEH-110,vehicles.capacity,testingGuidance,14,new,Interaction,,"Interaction: Consistency: min_stop_load [20,30] but capacity [10,100] only -> dimension mismatch HTTP 400.",Analytical spec deep-dive,ACCEPT,
VEH-111,vehicles.capacity,testingGuidance,15,new,Interaction,,"Interaction: Combination: tight capacity + one high-priority + one low-priority job competing for the last slot -> high-priority assigned, low-priority unassigned.",Analytical spec deep-dive,ACCEPT,
VEH-112,vehicles.capacity,testingGuidance,16,new,Interaction,,Interaction: Combination: high-priority job whose only skill is unavailable on any vehicle -> still unassigned despite priority.,Analytical spec deep-dive,ACCEPT,
VEH-113,vehicles.capacity,testingGuidance,17,new,Interaction,,"Interaction: Interaction: two jobs with equal priority; one has outsourcing_cost 100, other 50 -> cost-based job assigned first.",Analytical spec deep-dive,ACCEPT,
VEH-114,vehicles.costs.deadhead_distance_penalty,summary,1,kept,,Penalty per unit of deadhead (empty-leg) distance beyond max_deadhead_distance.,Penalty per unit of deadhead (empty-leg) distance beyond max_deadhead_distance.,Spec: Specify a penalty to be applied for each unit of deadhead distance exceeding the specified max_deadhead_distance for the vehicle. Default value is 0. Please note that this is ineffective when a max…,ACCEPT,
VEH-115,vehicles.costs.deadhead_distance_penalty,range,1,kept,,Integer. Default 0.,Integer. Default 0.,Spec: Specify a penalty to be applied for each unit of deadhead distance exceeding the specified max_deadhead_distance for the vehicle. Default value is 0. Please note that this is ineffective when a max…,ACCEPT,
VEH-116,vehicles.costs.deadhead_distance_penalty,businessRules,1,kept,,Soft: discourages long empty first/last legs; pairs with max_deadhead_distance.,Soft: discourages long empty first/last legs; pairs with max_deadhead_distance.,Existing enrichment,ACCEPT,
VEH-117,vehicles.costs.deadhead_distance_penalty,businessRules,2,new,,,deadhead_distance_penalty defines: Specify a penalty to be applied for each unit of deadhead distance exceeding the specified max_deadhead_distance for the vehicle. Default value is 0. Please note that this is ineffective when a max…,Analytical business logic extraction,ACCEPT,
VEH-118,vehicles.costs.deadhead_distance_penalty,businessRules,3,new,,,Must stay consistent with: vehicles.max_deadhead_distance. Changes here may require validation of those fields.,Analytical business logic extraction,ACCEPT,
VEH-119,vehicles.costs.deadhead_distance_penalty,businessRules,4,new,,,This is a soft constraint. Violations are penalized but don't make solutions infeasible.,Analytical business logic extraction,ACCEPT,
VEH-120,vehicles.costs.deadhead_distance_penalty,businessRules,5,new,,,Zero means no penalty/cost; larger values increase incentive to avoid violation.,Analytical business logic extraction,ACCEPT,
VEH-121,vehicles.costs.deadhead_distance_penalty,businessRules,6,new,,,Optional field. Omitting uses solver's default behavior (no penalty).,Analytical business logic extraction,ACCEPT,
VEH-122,vehicles.costs.deadhead_distance_penalty,testingGuidance,1,kept,,Behavioral: high penalty reduces empty-travel distance.,Behavioral: high penalty reduces empty-travel distance.,Existing enrichment,ACCEPT,
VEH-123,vehicles.costs.deadhead_distance_penalty,testingGuidance,2,new,Boundary,,Boundary: zero value (0),Analytical spec deep-dive,ACCEPT,
VEH-124,vehicles.costs.deadhead_distance_penalty,testingGuidance,3,new,Boundary,,Boundary: negative value (-1),Analytical spec deep-dive,ACCEPT,
VEH-125,vehicles.costs.deadhead_distance_penalty,testingGuidance,4,new,Boundary,,Boundary: very large value,Analytical spec deep-dive,ACCEPT,
VEH-126,vehicles.costs.deadhead_distance_penalty,testingGuidance,5,new,Positive,,Positive: omit optional field deadhead_distance_penalty,Analytical spec deep-dive,ACCEPT,
VEH-127,vehicles.costs.deadhead_duration_penalty,summary,1,kept,,Penalty per unit of deadhead (empty-leg) duration beyond max_deadhead_duration.,Penalty per unit of deadhead (empty-leg) duration beyond max_deadhead_duration.,Spec: Specify a penalty to be applied for each unit of deadhead duration exceeding the specified max_deadhead_duration for the vehicle. Default value is 0. Please note that this is ineffective when a max…,ACCEPT,
VEH-128,vehicles.costs.deadhead_duration_penalty,range,1,kept,,Integer. Default 0.,Integer. Default 0.,Spec: Specify a penalty to be applied for each unit of deadhead duration exceeding the specified max_deadhead_duration for the vehicle. Default value is 0. Please note that this is ineffective when a max…,ACCEPT,
VEH-129,vehicles.costs.deadhead_duration_penalty,businessRules,1,kept,,Soft: discourages long empty first/last legs; pairs with max_deadhead_duration.,Soft: discourages long empty first/last legs; pairs with max_deadhead_duration.,Existing enrichment,ACCEPT,
VEH-130,vehicles.costs.deadhead_duration_penalty,businessRules,2,new,,,deadhead_duration_penalty defines: Specify a penalty to be applied for each unit of deadhead duration exceeding the specified max_deadhead_duration for the vehicle. Default value is 0. Please note that this is ineffective when a max…,Analytical business logic extraction,ACCEPT,
VEH-131,vehicles.costs.deadhead_duration_penalty,businessRules,3,new,,,Must stay consistent with: vehicles.max_deadhead_duration. Changes here may require validation of those fields.,Analytical business logic extraction,ACCEPT,
VEH-132,vehicles.costs.deadhead_duration_penalty,businessRules,4,new,,,This is a soft constraint. Violations are penalized but don't make solutions infeasible.,Analytical business logic extraction,ACCEPT,
VEH-133,vehicles.costs.deadhead_duration_penalty,businessRules,5,new,,,Zero means no penalty/cost; larger values increase incentive to avoid violation.,Analytical business logic extraction,ACCEPT,
VEH-134,vehicles.costs.deadhead_duration_penalty,businessRules,6,new,,,Optional field. Omitting uses solver's default behavior (no penalty).,Analytical business logic extraction,ACCEPT,
VEH-135,vehicles.costs.deadhead_duration_penalty,testingGuidance,1,kept,,Behavioral: high penalty pushes vehicles to start/end nearer demand.,Behavioral: high penalty pushes vehicles to start/end nearer demand.,Existing enrichment,ACCEPT,
VEH-136,vehicles.costs.deadhead_duration_penalty,testingGuidance,2,new,Boundary,,Boundary: zero value (0),Analytical spec deep-dive,ACCEPT,
VEH-137,vehicles.costs.deadhead_duration_penalty,testingGuidance,3,new,Boundary,,Boundary: negative value (-1),Analytical spec deep-dive,ACCEPT,
VEH-138,vehicles.costs.deadhead_duration_penalty,testingGuidance,4,new,Boundary,,Boundary: very large value,Analytical spec deep-dive,ACCEPT,
VEH-139,vehicles.costs.deadhead_duration_penalty,testingGuidance,5,new,Positive,,Positive: omit optional field deadhead_duration_penalty,Analytical spec deep-dive,ACCEPT,
VEH-140,vehicles.costs.fixed,summary,1,kept,,Fixed cost of using the vehicle at all (added once if the vehicle is used).,Fixed cost of using the vehicle at all (added once if the vehicle is used).,Spec: Specify a fixed cost for using a vehicle. It should be a positive integer. Default value is 0.,ACCEPT,
VEH-141,vehicles.costs.fixed,range,1,kept,,Integer. Default 0.,Integer. Default 0.,Spec: Specify a fixed cost for using a vehicle. It should be a positive integer. Default value is 0.,ACCEPT,
VEH-142,vehicles.costs.fixed,businessRules,1,kept,,Discourages using an extra vehicle unless it reduces total cost enough.,Discourages using an extra vehicle unless it reduces total cost enough.,Existing enrichment,ACCEPT,
VEH-143,vehicles.costs.fixed,businessRules,2,new,,,fixed defines: Specify a fixed cost for using a vehicle. It should be a positive integer. Default value is 0.,Analytical business logic extraction,ACCEPT,
VEH-144,vehicles.costs.fixed,businessRules,3,new,,,Must stay consistent with: vehicles.costs. Changes here may require validation of those fields.,Analytical business logic extraction,ACCEPT,
VEH-145,vehicles.costs.fixed,businessRules,4,new,,,Numeric field; verify sign (positive/negative) and unit from spec.,Analytical business logic extraction,ACCEPT,
VEH-146,vehicles.costs.fixed,businessRules,5,new,,,Optional field. Omitting uses solver's default behavior (no penalty).,Analytical business logic extraction,ACCEPT,
VEH-147,vehicles.costs.fixed,testingGuidance,1,kept,,Behavioral: high fixed cost -> solver consolidates onto fewer vehicles.,Behavioral: high fixed cost -> solver consolidates onto fewer vehicles.,Existing enrichment,ACCEPT,
VEH-148,vehicles.costs.fixed,testingGuidance,2,kept,Boundary,Boundary: fixed 0 (no usage penalty).,Boundary: fixed 0 (no usage penalty).,Existing enrichment,ACCEPT,
VEH-149,vehicles.costs.fixed,testingGuidance,3,new,Boundary,,Boundary: zero value (0),Analytical spec deep-dive,ACCEPT,
VEH-150,vehicles.costs.fixed,testingGuidance,4,new,Boundary,,Boundary: negative value (-1),Analytical spec deep-dive,ACCEPT,
VEH-151,vehicles.costs.fixed,testingGuidance,5,new,Boundary,,Boundary: very large value,Analytical spec deep-dive,ACCEPT,
VEH-152,vehicles.costs.fixed,testingGuidance,6,new,Positive,,Positive: omit optional field fixed,Analytical spec deep-dive,ACCEPT,
VEH-153,vehicles.costs,summary,1,kept,,Per-vehicle cost configuration shaping which vehicle the solver prefers (soft — never forces infeasibility).,Per-vehicle cost configuration shaping which vehicle the solver prefers (soft — never forces infeasibility).,"Spec: The cost attribute is used to define the cost of using the vehicle. It is a positive integer value with no specific unit of its own, but assumes the unit as per the value of travel_cost parameter. …",ACCEPT,
VEH-154,vehicles.costs,range,1,kept,,"Object: { fixed?, per_hour?, per_km?, per_order?, min_stop_load_*_penalty?, deadhead_*_penalty? }.","Object: { fixed?, per_hour?, per_km?, per_order?, min_stop_load_*_penalty?, deadhead_*_penalty? }.","Spec: The cost attribute is used to define the cost of using the vehicle. It is a positive integer value with no specific unit of its own, but assumes the unit as per the value of travel_cost parameter. …",ACCEPT,
VEH-155,vehicles.costs,businessRules,1,kept,,Costs steer selection/ordering but never violate a hard constraint or force an otherwise-servable task unassigned.,Costs steer selection/ordering but never violate a hard constraint or force an otherwise-servable task unassigned.,Existing enrichment,ACCEPT,
VEH-156,vehicles.costs,businessRules,2,new,,,"costs defines: The cost attribute is used to define the cost of using the vehicle. It is a positive integer value with no specific unit of its own, but assumes the unit as per the value of travel_cost parameter. …",Analytical business logic extraction,ACCEPT,
VEH-157,vehicles.costs,businessRules,3,new,,,"Must stay consistent with: vehicles.costs.fixed, vehicles.costs.per_km, vehicles.costs.per_hour. Changes here may require validation of those fields.",Analytical business logic extraction,ACCEPT,
VEH-158,vehicles.costs,businessRules,4,new,,,This is a soft constraint. Violations are penalized but don't make solutions infeasible.,Analytical business logic extraction,ACCEPT,
VEH-159,vehicles.costs,businessRules,5,new,,,Optional field. Omitting uses solver's default behavior (no penalty).,Analytical business logic extraction,ACCEPT,
VEH-160,vehicles.costs,testingGuidance,1,kept,Positive,Positive: fixed + per_km cost makes a cheaper vehicle preferred.,Positive: fixed + per_km cost makes a cheaper vehicle preferred.,Existing enrichment,ACCEPT,
VEH-161,vehicles.costs,testingGuidance,2,kept,,Behavioral: raising fixed cost discourages using an extra vehicle.,Behavioral: raising fixed cost discourages using an extra vehicle.,Existing enrichment,ACCEPT,
VEH-162,vehicles.costs,testingGuidance,3,new,Positive,,Positive: omit optional field costs,Analytical spec deep-dive,ACCEPT,
VEH-163,vehicles.costs.min_stop_load_fixed_penalty,summary,1,kept,,Fixed penalty applied when any delivery stop's load is below min_stop_load.,Fixed penalty applied when any delivery stop's load is below min_stop_load.,Spec: Specify the fixed penalty to be applied in case the vehicle is assigned to any delivery task with a load below the specified min_stop_load threshold. If all the tasks assigned to the vehicle have l…,ACCEPT,
VEH-164,vehicles.costs.min_stop_load_fixed_penalty,range,1,kept,,Integer.,Integer.,Spec: Specify the fixed penalty to be applied in case the vehicle is assigned to any delivery task with a load below the specified min_stop_load threshold. If all the tasks assigned to the vehicle have l…,ACCEPT,
VEH-165,vehicles.costs.min_stop_load_fixed_penalty,businessRules,1,kept,,Triggered per stop that falls short of vehicles.min_stop_load; soft — does not force unassignment.,Triggered per stop that falls short of vehicles.min_stop_load; soft — does not force unassignment.,Existing enrichment,ACCEPT,
VEH-166,vehicles.costs.min_stop_load_fixed_penalty,businessRules,2,new,,,min_stop_load_fixed_penalty defines: Specify the fixed penalty to be applied in case the vehicle is assigned to any delivery task with a load below the specified min_stop_load threshold. If all the tasks assigned to the vehicle have l…,Analytical business logic extraction,ACCEPT,
VEH-167,vehicles.costs.min_stop_load_fixed_penalty,businessRules,3,new,,,Must stay consistent with: vehicles.min_stop_load. Changes here may require validation of those fields.,Analytical business logic extraction,ACCEPT,
VEH-168,vehicles.costs.min_stop_load_fixed_penalty,businessRules,4,new,,,This is a soft constraint. Violations are penalized but don't make solutions infeasible.,Analytical business logic extraction,ACCEPT,
VEH-169,vehicles.costs.min_stop_load_fixed_penalty,businessRules,5,new,,,Zero means no penalty/cost; larger values increase incentive to avoid violation.,Analytical business logic extraction,ACCEPT,
VEH-170,vehicles.costs.min_stop_load_fixed_penalty,businessRules,6,new,,,Optional field. Omitting uses solver's default behavior (no penalty).,Analytical business logic extraction,ACCEPT,
VEH-171,vehicles.costs.min_stop_load_fixed_penalty,testingGuidance,1,kept,,Behavioral: a delivery below min_stop_load still served but incurs this fixed penalty.,Behavioral: a delivery below min_stop_load still served but incurs this fixed penalty.,Existing enrichment,ACCEPT,
VEH-172,vehicles.costs.min_stop_load_fixed_penalty,testingGuidance,2,new,Boundary,,Boundary: zero value (0),Analytical spec deep-dive,ACCEPT,
VEH-173,vehicles.costs.min_stop_load_fixed_penalty,testingGuidance,3,new,Boundary,,Boundary: negative value (-1),Analytical spec deep-dive,ACCEPT,
VEH-174,vehicles.costs.min_stop_load_fixed_penalty,testingGuidance,4,new,Boundary,,Boundary: very large value,Analytical spec deep-dive,ACCEPT,
VEH-175,vehicles.costs.min_stop_load_fixed_penalty,testingGuidance,5,new,Positive,,Positive: omit optional field min_stop_load_fixed_penalty,Analytical spec deep-dive,ACCEPT,
VEH-176,vehicles.costs.min_stop_load_unit_penalty,summary,1,kept,,Per-unit shortfall penalty vs min_stop_load (per dimension).,Per-unit shortfall penalty vs min_stop_load (per dimension).,"Spec: Defines the penalty applied per unit of load shortfall when a task’s load is lower than the vehicle’s configured min_stop_load. As a result, higher penalty values make the optimizer increasingly re…",ACCEPT,
VEH-177,vehicles.costs.min_stop_load_unit_penalty,range,1,kept,,"Array of integers, one per capacity dimension.","Array of integers, one per capacity dimension.","Spec: Defines the penalty applied per unit of load shortfall when a task’s load is lower than the vehicle’s configured min_stop_load. As a result, higher penalty values make the optimizer increasingly re…",ACCEPT,
VEH-178,vehicles.costs.min_stop_load_unit_penalty,constraints,1,kept,,Same dimension count as min_stop_load / capacity.,Same dimension count as min_stop_load / capacity.,Existing enrichment,ACCEPT,
VEH-179,vehicles.costs.min_stop_load_unit_penalty,businessRules,1,kept,,Scales with how far below min_stop_load a delivery falls.,Scales with how far below min_stop_load a delivery falls.,Existing enrichment,ACCEPT,
VEH-180,vehicles.costs.min_stop_load_unit_penalty,businessRules,2,new,,,"min_stop_load_unit_penalty defines: Defines the penalty applied per unit of load shortfall when a task’s load is lower than the vehicle’s configured min_stop_load. As a result, higher penalty values make the optimizer increasingly re…",Analytical business logic extraction,ACCEPT,
VEH-181,vehicles.costs.min_stop_load_unit_penalty,businessRules,3,new,,,Each element in min_stop_load_unit_penalty must be valid and consistent with related fields.,Analytical business logic extraction,ACCEPT,
VEH-182,vehicles.costs.min_stop_load_unit_penalty,businessRules,4,new,,,Must stay consistent with: vehicles.min_stop_load. Changes here may require validation of those fields.,Analytical business logic extraction,ACCEPT,
VEH-183,vehicles.costs.min_stop_load_unit_penalty,businessRules,5,new,,,This is a soft constraint. Violations are penalized but don't make solutions infeasible.,Analytical business logic extraction,ACCEPT,
VEH-184,vehicles.costs.min_stop_load_unit_penalty,businessRules,6,new,,,Optional field. Omitting uses solver's default behavior (no penalty).,Analytical business logic extraction,ACCEPT,
VEH-185,vehicles.costs.min_stop_load_unit_penalty,testingGuidance,1,kept,,Behavioral: larger shortfall -> proportionally larger penalty.,Behavioral: larger shortfall -> proportionally larger penalty.,Existing enrichment,ACCEPT,
VEH-186,vehicles.costs.min_stop_load_unit_penalty,testingGuidance,2,new,Positive,,Positive: omit optional field min_stop_load_unit_penalty,Analytical spec deep-dive,ACCEPT,
VEH-187,vehicles.costs.per_hour,summary,1,kept,,Cost per hour of drive time; effective only when options.objective.travel_cost = duration.,Cost per hour of drive time; effective only when options.objective.travel_cost = duration.,"Spec: Define the cost for one hour of drive time of the vehicle. When per_hour cost is used, the final vehicle cost is determined based on the given value, instead of travel duration of the route. Please…",ACCEPT,
VEH-188,vehicles.costs.per_hour,range,1,kept,,Integer. Default 3600. Mutually exclusive with per_km.,Integer. Default 3600. Mutually exclusive with per_km.,"Spec: Define the cost for one hour of drive time of the vehicle. When per_hour cost is used, the final vehicle cost is determined based on the given value, instead of travel duration of the route. Please…",ACCEPT,
VEH-189,vehicles.costs.per_hour,constraints,1,kept,,Effective only when travel_cost = duration.,Effective only when travel_cost = duration.,Existing enrichment,ACCEPT,
VEH-190,vehicles.costs.per_hour,constraints,2,kept,,Mutually exclusive with per_km.,Mutually exclusive with per_km.,Existing enrichment,ACCEPT,
VEH-191,vehicles.costs.per_hour,businessRules,1,new,,,"per_hour defines: Define the cost for one hour of drive time of the vehicle. When per_hour cost is used, the final vehicle cost is determined based on the given value, instead of travel duration of the route. Please…",Analytical business logic extraction,ACCEPT,
VEH-192,vehicles.costs.per_hour,businessRules,2,new,,,"Must stay consistent with: vehicles.costs.per_km, options.objective. Changes here may require validation of those fields.",Analytical business logic extraction,ACCEPT,
VEH-193,vehicles.costs.per_hour,businessRules,3,new,,,Rule: Cost/distance/duration matrices must have consistent dimensions and indices.,Analytical business logic extraction,ACCEPT,
VEH-194,vehicles.costs.per_hour,businessRules,4,new,,,Numeric field; verify sign (positive/negative) and unit from spec.,Analytical business logic extraction,ACCEPT,
VEH-195,vehicles.costs.per_hour,businessRules,5,new,,,Optional field. Omitting uses solver's default behavior (no penalty).,Analytical business logic extraction,ACCEPT,
VEH-196,vehicles.costs.per_hour,validationRules,1,kept,,per_hour and per_km both set -> 400.,per_hour and per_km both set -> 400.,Existing enrichment,ACCEPT,
VEH-197,vehicles.costs.per_hour,testingGuidance,1,kept,Positive,Positive: per_hour cost with travel_cost=duration.,Positive: per_hour cost with travel_cost=duration.,Existing enrichment,ACCEPT,
VEH-198,vehicles.costs.per_hour,testingGuidance,2,kept,,Negative: per_hour + per_km together -> 400.,Negative: per_hour + per_km together -> 400.,Existing enrichment,ACCEPT,
VEH-199,vehicles.costs.per_hour,testingGuidance,3,new,Boundary,,Boundary: zero value (0),Analytical spec deep-dive,ACCEPT,
VEH-200,vehicles.costs.per_hour,testingGuidance,4,new,Boundary,,Boundary: negative value (-1),Analytical spec deep-dive,ACCEPT,
VEH-201,vehicles.costs.per_hour,testingGuidance,5,new,Boundary,,Boundary: very large value,Analytical spec deep-dive,ACCEPT,
VEH-202,vehicles.costs.per_hour,testingGuidance,6,new,Positive,,Positive: omit optional field per_hour,Analytical spec deep-dive,ACCEPT,
VEH-203,vehicles.costs.per_hour,testingGuidance,7,new,Interaction,,Interaction: Negative: travel_cost=customized without cost_matrix -> 400.,Analytical spec deep-dive,ACCEPT,
VEH-204,vehicles.costs.per_hour,testingGuidance,8,new,Interaction,,Interaction: Behavioral: per_km cost ignored unless travel_cost=distance.,Analytical spec deep-dive,ACCEPT,
VEH-205,vehicles.costs.per_km,summary,1,kept,,Cost per km of distance; effective only when options.objective.travel_cost = distance.,Cost per km of distance; effective only when options.objective.travel_cost = distance.,"Spec: Define the cost incurred by the vehicle for travelling a distance of one kilometer (km). When per_km cost is used, the final vehicle cost is determined based on the given value, instead of distance…",ACCEPT,
VEH-206,vehicles.costs.per_km,range,1,kept,,Integer. Mutually exclusive with per_hour.,Integer. Mutually exclusive with per_hour.,"Spec: Define the cost incurred by the vehicle for travelling a distance of one kilometer (km). When per_km cost is used, the final vehicle cost is determined based on the given value, instead of distance…",ACCEPT,
VEH-207,vehicles.costs.per_km,constraints,1,kept,,Effective only when travel_cost = distance.,Effective only when travel_cost = distance.,Existing enrichment,ACCEPT,
VEH-208,vehicles.costs.per_km,constraints,2,kept,,Mutually exclusive with per_hour.,Mutually exclusive with per_hour.,Existing enrichment,ACCEPT,
VEH-209,vehicles.costs.per_km,businessRules,1,new,,,"per_km defines: Define the cost incurred by the vehicle for travelling a distance of one kilometer (km). When per_km cost is used, the final vehicle cost is determined based on the given value, instead of distance…",Analytical business logic extraction,ACCEPT,
VEH-210,vehicles.costs.per_km,businessRules,2,new,,,"Must stay consistent with: vehicles.costs.per_hour, options.objective. Changes here may require validation of those fields.",Analytical business logic extraction,ACCEPT,
VEH-211,vehicles.costs.per_km,businessRules,3,new,,,Rule: Cost/distance/duration matrices must have consistent dimensions and indices.,Analytical business logic extraction,ACCEPT,
VEH-212,vehicles.costs.per_km,businessRules,4,new,,,Numeric field; verify sign (positive/negative) and unit from spec.,Analytical business logic extraction,ACCEPT,
VEH-213,vehicles.costs.per_km,businessRules,5,new,,,Optional field. Omitting uses solver's default behavior (no penalty).,Analytical business logic extraction,ACCEPT,
VEH-214,vehicles.costs.per_km,validationRules,1,kept,,per_km and per_hour both set -> 400.,per_km and per_hour both set -> 400.,Existing enrichment,ACCEPT,
VEH-215,vehicles.costs.per_km,testingGuidance,1,kept,Positive,Positive: per_km cost with travel_cost=distance.,Positive: per_km cost with travel_cost=distance.,Existing enrichment,ACCEPT,
VEH-216,vehicles.costs.per_km,testingGuidance,2,kept,,Negative: per_km + per_hour together -> 400.,Negative: per_km + per_hour together -> 400.,Existing enrichment,ACCEPT,
VEH-217,vehicles.costs.per_km,testingGuidance,3,new,Boundary,,Boundary: zero value (0),Analytical spec deep-dive,ACCEPT,
VEH-218,vehicles.costs.per_km,testingGuidance,4,new,Boundary,,Boundary: negative value (-1),Analytical spec deep-dive,ACCEPT,
VEH-219,vehicles.costs.per_km,testingGuidance,5,new,Boundary,,Boundary: very large value,Analytical spec deep-dive,ACCEPT,
VEH-220,vehicles.costs.per_km,testingGuidance,6,new,Positive,,Positive: omit optional field per_km,Analytical spec deep-dive,ACCEPT,
VEH-221,vehicles.costs.per_km,testingGuidance,7,new,Interaction,,Interaction: Negative: travel_cost=customized without cost_matrix -> 400.,Analytical spec deep-dive,ACCEPT,
VEH-222,vehicles.costs.per_km,testingGuidance,8,new,Interaction,,Interaction: Behavioral: per_km cost ignored unless travel_cost=distance.,Analytical spec deep-dive,ACCEPT,
VEH-223,vehicles.costs.per_order,summary,1,kept,,Cost per fulfilled order (job or shipment); always added to route cost.,Cost per fulfilled order (job or shipment); always added to route cost.,"Spec: Define the cost incurred by the vehicle for fulfilling one order. A job or a shipment, both are considered as a single order. When per_order cost is defined, the final vehicle cost is calculated as…",ACCEPT,
VEH-224,vehicles.costs.per_order,range,1,kept,,Integer.,Integer.,"Spec: Define the cost incurred by the vehicle for fulfilling one order. A job or a shipment, both are considered as a single order. When per_order cost is defined, the final vehicle cost is calculated as…",ACCEPT,
VEH-225,vehicles.costs.per_order,businessRules,1,new,,,"per_order defines: Define the cost incurred by the vehicle for fulfilling one order. A job or a shipment, both are considered as a single order. When per_order cost is defined, the final vehicle cost is calculated as…",Analytical business logic extraction,ACCEPT,
VEH-226,vehicles.costs.per_order,businessRules,2,new,,,Must stay consistent with: vehicles.costs. Changes here may require validation of those fields.,Analytical business logic extraction,ACCEPT,
VEH-227,vehicles.costs.per_order,businessRules,3,new,,,Numeric field; verify sign (positive/negative) and unit from spec.,Analytical business logic extraction,ACCEPT,
VEH-228,vehicles.costs.per_order,businessRules,4,new,,,Optional field. Omitting uses solver's default behavior (no penalty).,Analytical business logic extraction,ACCEPT,
VEH-229,vehicles.costs.per_order,testingGuidance,1,kept,,Behavioral: per_order cost balances serving more orders against the extra cost.,Behavioral: per_order cost balances serving more orders against the extra cost.,Existing enrichment,ACCEPT,
VEH-230,vehicles.costs.per_order,testingGuidance,2,new,Boundary,,Boundary: zero value (0),Analytical spec deep-dive,ACCEPT,
VEH-231,vehicles.costs.per_order,testingGuidance,3,new,Boundary,,Boundary: negative value (-1),Analytical spec deep-dive,ACCEPT,
VEH-232,vehicles.costs.per_order,testingGuidance,4,new,Boundary,,Boundary: very large value,Analytical spec deep-dive,ACCEPT,
VEH-233,vehicles.costs.per_order,testingGuidance,5,new,Positive,,Positive: omit optional field per_order,Analytical spec deep-dive,ACCEPT,
VEH-234,vehicles.depot,summary,1,kept,,DEPRECATED — use start_depot_ids / end_depot_ids instead.,DEPRECATED — use start_depot_ids / end_depot_ids instead.,"Spec: **Deprecated! Please use the** start_depot_ids **and** end_depot_ids **to configure the originating and culminating depots for the vehicle, respectively.** The depot attribute specifies the ID of t…",ACCEPT,
VEH-235,vehicles.depot,range,1,kept,,Integer. Deprecated legacy depot reference.,Integer. Deprecated legacy depot reference.,"Spec: **Deprecated! Please use the** start_depot_ids **and** end_depot_ids **to configure the originating and culminating depots for the vehicle, respectively.** The depot attribute specifies the ID of t…",ACCEPT,
VEH-236,vehicles.depot,businessRules,1,kept,,Deprecated: prefer start_depot_ids/end_depot_ids. Retained for backward compatibility.,Deprecated: prefer start_depot_ids/end_depot_ids. Retained for backward compatibility.,Existing enrichment,ACCEPT,
VEH-237,vehicles.depot,businessRules,2,new,,,"depot defines: **Deprecated! Please use the** start_depot_ids **and** end_depot_ids **to configure the originating and culminating depots for the vehicle, respectively.** The depot attribute specifies the ID of t…",Analytical business logic extraction,ACCEPT,
VEH-238,vehicles.depot,businessRules,3,new,,,Must stay consistent with: vehicles.start_depot_ids. Changes here may require validation of those fields.,Analytical business logic extraction,ACCEPT,
VEH-239,vehicles.depot,businessRules,4,new,,,Numeric field; verify sign (positive/negative) and unit from spec.,Analytical business logic extraction,ACCEPT,
VEH-240,vehicles.depot,businessRules,5,new,,,Optional field. Omitting uses solver's default behavior (no penalty).,Analytical business logic extraction,ACCEPT,
VEH-241,vehicles.depot,testingGuidance,1,kept,,Regression: confirm a legacy request using depot still behaves; migrate to start/end_depot_ids.,Regression: confirm a legacy request using depot still behaves; migrate to start/end_depot_ids.,Existing enrichment,ACCEPT,
VEH-242,vehicles.depot,testingGuidance,2,new,Boundary,,Boundary: zero value (0),Analytical spec deep-dive,ACCEPT,
VEH-243,vehicles.depot,testingGuidance,3,new,Boundary,,Boundary: negative value (-1),Analytical spec deep-dive,ACCEPT,
VEH-244,vehicles.depot,testingGuidance,4,new,Boundary,,Boundary: very large value,Analytical spec deep-dive,ACCEPT,
VEH-245,vehicles.depot,testingGuidance,5,new,Positive,,Positive: omit optional field depot,Analytical spec deep-dive,ACCEPT,
VEH-246,vehicles.end_depot_ids,summary,1,kept,,Depots where the vehicle may end (alternative to end_index).,Depots where the vehicle may end (alternative to end_index).,"Spec: Specify the depots where the vehicle should end its trip. It is assumed that the vehicles will unload the goods, which were picked-up during the trip, upon arriving the given depot. If certain pick…",ACCEPT,
VEH-247,vehicles.end_depot_ids,range,1,kept,,Array of depot id strings; each must match a defined depot.,Array of depot id strings; each must match a defined depot.,"Spec: Specify the depots where the vehicle should end its trip. It is assumed that the vehicles will unload the goods, which were picked-up during the trip, upon arriving the given depot. If certain pick…",ACCEPT,
VEH-248,vehicles.end_depot_ids,businessRules,1,kept,,Delivery-type jobs with depots configured cannot be served by a vehicle that has only end depots.,Delivery-type jobs with depots configured cannot be served by a vehicle that has only end depots.,Existing enrichment,ACCEPT,
VEH-249,vehicles.end_depot_ids,businessRules,2,new,,,"end_depot_ids defines: Specify the depots where the vehicle should end its trip. It is assumed that the vehicles will unload the goods, which were picked-up during the trip, upon arriving the given depot. If certain pick…",Analytical business logic extraction,ACCEPT,
VEH-250,vehicles.end_depot_ids,businessRules,3,new,,,Each element in end_depot_ids must be valid and consistent with related fields.,Analytical business logic extraction,ACCEPT,
VEH-251,vehicles.end_depot_ids,businessRules,4,new,,,"Must stay consistent with: vehicles.end_index, jobs.depot_ids. Changes here may require validation of those fields.",Analytical business logic extraction,ACCEPT,
VEH-252,vehicles.end_depot_ids,businessRules,5,new,,,Rule: Shipments: pickup always occurs before delivery on the route.,Analytical business logic extraction,ACCEPT,
VEH-253,vehicles.end_depot_ids,businessRules,6,new,,,Optional field. Omitting uses solver's default behavior (no penalty).,Analytical business logic extraction,ACCEPT,
VEH-254,vehicles.end_depot_ids,testingGuidance,1,kept,Positive,"Positive: relocation shift starting at depot A, ending at depot B.","Positive: relocation shift starting at depot A, ending at depot B.",Existing enrichment,ACCEPT,
VEH-255,vehicles.end_depot_ids,testingGuidance,2,new,Positive,,Positive: omit optional field end_depot_ids,Analytical spec deep-dive,ACCEPT,
VEH-256,vehicles.end_depot_ids,testingGuidance,3,new,Interaction,,"Interaction: Positive: two depots north/south, demand split by region -> each vehicle serves its nearby cluster.",Analytical spec deep-dive,ACCEPT,
VEH-257,vehicles.end_depot_ids,testingGuidance,4,new,Interaction,,Interaction: Infeasible: job depot_ids incompatible with any vehicle's depots -> unassigned.,Analytical spec deep-dive,ACCEPT,
VEH-258,vehicles.end_index,summary,1,kept,,Index into locations.location where the vehicle must end its route.,Index into locations.location where the vehicle must end its route.,"Spec: Specify the index of the vehicle’s final stop point in the location array. The valid value range is \[0, length of locations). Please note that if either of the end_index or end_depot_ids is not pr…",ACCEPT,
VEH-259,vehicles.end_index,range,1,kept,,"Integer in [0, len(location)). If neither end_index nor end_depot_ids is given, the route is open (ends at last task, no return leg).","Integer in [0, len(location)). If neither end_index nor end_depot_ids is given, the route is open (ends at last task, no return leg).","Spec: Specify the index of the vehicle’s final stop point in the location array. The valid value range is \[0, length of locations). Please note that if either of the end_index or end_depot_ids is not pr…",ACCEPT,
VEH-260,vehicles.end_index,constraints,1,kept,,"Range [0, len(location)).","Range [0, len(location)).",Existing enrichment,ACCEPT,
VEH-261,vehicles.end_index,constraints,2,kept,,Integer only.,Integer only.,Existing enrichment,ACCEPT,
VEH-262,vehicles.end_index,businessRules,1,new,,,"end_index defines: Specify the index of the vehicle’s final stop point in the location array. The valid value range is \[0, length of locations). Please note that if either of the end_index or end_depot_ids is not pr…",Analytical business logic extraction,ACCEPT,
VEH-263,vehicles.end_index,businessRules,2,new,,,"Must stay consistent with: locations.location, vehicles.start_index, vehicles.end_depot_ids. Changes here may require validation of those fields.",Analytical business logic extraction,ACCEPT,
VEH-264,vehicles.end_index,businessRules,3,new,,,Rule: Shipments: pickup always occurs before delivery on the route.,Analytical business logic extraction,ACCEPT,
VEH-265,vehicles.end_index,businessRules,4,new,,,Numeric field; verify sign (positive/negative) and unit from spec.,Analytical business logic extraction,ACCEPT,
VEH-266,vehicles.end_index,businessRules,5,new,,,Optional field. Omitting uses solver's default behavior (no penalty).,Analytical business logic extraction,ACCEPT,
VEH-267,vehicles.end_index,validationRules,1,kept,,end_index >= len(location) -> 400.,end_index >= len(location) -> 400.,Existing enrichment,ACCEPT,
VEH-268,vehicles.end_index,validationRules,2,kept,,end_index < 0 -> 400.,end_index < 0 -> 400.,Existing enrichment,ACCEPT,
VEH-269,vehicles.end_index,validationRules,3,kept,,Non-integer end_index -> 400 type error.,Non-integer end_index -> 400 type error.,Existing enrichment,ACCEPT,
VEH-270,vehicles.end_index,testingGuidance,1,kept,Positive,"Positive: end_index == start_index (closed route, return to origin).","Positive: end_index == start_index (closed route, return to origin).",Existing enrichment,ACCEPT,
VEH-271,vehicles.end_index,testingGuidance,2,kept,Positive,Positive: end_index differs from start_index (distinct end depot).,Positive: end_index differs from start_index (distinct end depot).,Existing enrichment,ACCEPT,
VEH-272,vehicles.end_index,testingGuidance,3,kept,Boundary,Boundary: end_index len-1 (last valid index).,Boundary: end_index len-1 (last valid index).,Existing enrichment,ACCEPT,
VEH-273,vehicles.end_index,testingGuidance,4,kept,Negative-validation,Negative-validation: end_index == len(location) -> 400 (out of range).,Negative-validation: end_index == len(location) -> 400 (out of range).,Existing enrichment,ACCEPT,
VEH-274,vehicles.end_index,testingGuidance,5,kept,Negative-validation,Negative-validation: end_index -1 -> 400 (below range).,Negative-validation: end_index -1 -> 400 (below range).,Existing enrichment,ACCEPT,
VEH-275,vehicles.end_index,testingGuidance,6,kept,Negative-validation,Negative-validation: non-integer end_index -> 400 type error.,Negative-validation: non-integer end_index -> 400 type error.,Existing enrichment,ACCEPT,
VEH-276,vehicles.end_index,testingGuidance,7,kept,Interaction,Interaction: omit end_index -> open route ends at the last served task (no return leg).,Interaction: omit end_index -> open route ends at the last served task (no return leg).,Existing enrichment,ACCEPT,
VEH-277,vehicles.end_index,testingGuidance,8,new,Boundary,,Boundary: zero value (0),Analytical spec deep-dive,ACCEPT,
VEH-278,vehicles.end_index,testingGuidance,9,new,Boundary,,Boundary: negative value (-1),Analytical spec deep-dive,ACCEPT,
VEH-279,vehicles.end_index,testingGuidance,10,new,Boundary,,Boundary: very large value,Analytical spec deep-dive,ACCEPT,
VEH-280,vehicles.end_index,testingGuidance,11,new,Positive,,Positive: omit optional field end_index,Analytical spec deep-dive,ACCEPT,
VEH-281,vehicles.end_index,testingGuidance,12,new,Interaction,,Interaction: Negative: a job location_index equal to len(location) -> 400.,Analytical spec deep-dive,ACCEPT,
VEH-282,vehicles.end_index,testingGuidance,13,new,Interaction,,"Interaction: Negative: a non-integer index like ""first"" -> 400 type error.",Analytical spec deep-dive,ACCEPT,
VEH-283,vehicles.end_index,testingGuidance,14,new,Interaction,,"Interaction: Positive: two depots north/south, demand split by region -> each vehicle serves its nearby cluster.",Analytical spec deep-dive,ACCEPT,
VEH-284,vehicles.end_index,testingGuidance,15,new,Interaction,,Interaction: Infeasible: job depot_ids incompatible with any vehicle's depots -> unassigned.,Analytical spec deep-dive,ACCEPT,
VEH-285,vehicles,summary,1,kept,,The fleet array; at least one vehicle is required. Each entry is a vehicle with capacity/skills/shift/anchors.,The fleet array; at least one vehicle is required. Each entry is a vehicle with capacity/skills/shift/anchors.,Spec: The vehicles attribute describes the characteristics and constraints of the vehicles that will be used for fulfilling the tasks. Read more about this attribute in the [Vehicle Object](#vehicle-obje…,ACCEPT,
VEH-286,vehicles,range,1,kept,,Array of vehicle objects; length >= 1. Each requires id.,Array of vehicle objects; length >= 1. Each requires id.,Spec: The vehicles attribute describes the characteristics and constraints of the vehicles that will be used for fulfilling the tasks. Read more about this attribute in the [Vehicle Object](#vehicle-obje…,ACCEPT,
VEH-287,vehicles,constraints,1,kept,,Required.,Required.,Existing enrichment,ACCEPT,
VEH-288,vehicles,constraints,2,kept,,At least one vehicle.,At least one vehicle.,Existing enrichment,ACCEPT,
VEH-289,vehicles,businessRules,1,new,,,vehicles defines: The vehicles attribute describes the characteristics and constraints of the vehicles that will be used for fulfilling the tasks. Read more about this attribute in the [Vehicle Object](#vehicle-obje…,Analytical business logic extraction,ACCEPT,
VEH-290,vehicles,businessRules,2,new,,,Each element in vehicles must be valid and consistent with related fields.,Analytical business logic extraction,ACCEPT,
VEH-291,vehicles,businessRules,3,new,,,"Must stay consistent with: vehicles.capacity, vehicles.skills, vehicles.time_window. Changes here may require validation of those fields.",Analytical business logic extraction,ACCEPT,
VEH-292,vehicles,businessRules,4,new,,,Optional field. Omitting uses solver's default behavior (no penalty).,Analytical business logic extraction,ACCEPT,
VEH-293,vehicles,validationRules,1,kept,,Missing or empty vehicles -> 400.,Missing or empty vehicles -> 400.,Existing enrichment,ACCEPT,
VEH-294,vehicles,validationRules,2,kept,,A vehicle without id -> 400.,A vehicle without id -> 400.,Existing enrichment,ACCEPT,
VEH-295,vehicles,testingGuidance,1,kept,Positive,Positive: one well-formed vehicle.,Positive: one well-formed vehicle.,Existing enrichment,ACCEPT,
VEH-296,vehicles,testingGuidance,2,kept,,Negative: empty vehicles array -> 400.,Negative: empty vehicles array -> 400.,Existing enrichment,ACCEPT,
VEH-297,vehicles,testingGuidance,3,new,Positive,,Positive: omit optional field vehicles,Analytical spec deep-dive,ACCEPT,
VEH-298,vehicles.layover_config.include_service_time,summary,1,kept,,Whether service time also counts toward continuous working time for layover.,Whether service time also counts toward continuous working time for layover.,"Spec: Choose if the optimizer should count the service_time spent while fulfilling tasks towards continuous working time of the driver. If set to false (default setting), only the driving time is conside…",ACCEPT,
VEH-299,vehicles.layover_config.include_service_time,range,1,kept,,Boolean. Default false.,Boolean. Default false.,"Spec: Choose if the optimizer should count the service_time spent while fulfilling tasks towards continuous working time of the driver. If set to false (default setting), only the driving time is conside…",ACCEPT,
VEH-300,vehicles.layover_config.include_service_time,businessRules,1,new,,,"include_service_time defines: Choose if the optimizer should count the service_time spent while fulfilling tasks towards continuous working time of the driver. If set to false (default setting), only the driving time is conside…",Analytical business logic extraction,ACCEPT,
VEH-301,vehicles.layover_config.include_service_time,businessRules,2,new,,,Must stay consistent with: vehicles.layover_config.max_continuous_time. Changes here may require validation of those fields.,Analytical business logic extraction,ACCEPT,
VEH-302,vehicles.layover_config.include_service_time,businessRules,3,new,,,Optional field. Omitting uses solver's default behavior (no penalty).,Analytical business logic extraction,ACCEPT,
VEH-303,vehicles.layover_config.include_service_time,testingGuidance,1,kept,Boundary,Boundary: default false (only driving counts).,Boundary: default false (only driving counts).,Existing enrichment,ACCEPT,
VEH-304,vehicles.layover_config.include_service_time,testingGuidance,2,kept,Positive,Positive: true makes service count toward the continuous-time limit.,Positive: true makes service count toward the continuous-time limit.,Existing enrichment,ACCEPT,
VEH-305,vehicles.layover_config.include_service_time,testingGuidance,3,new,Positive,,Positive: omit optional field include_service_time,Analytical spec deep-dive,ACCEPT,
VEH-306,vehicles.layover_config,summary,1,kept,,Continuous-driving limit plus a mandatory rest; alternative to breaks.,Continuous-driving limit plus a mandatory rest; alternative to breaks.,"Spec: Use this object to configure continuous driving time limitations and subsequent rest duration for the driver. Please note that only one of layover_config or breaks is allowed for a vehicle, at a time.",ACCEPT,
VEH-307,vehicles.layover_config,range,1,kept,,"Object: { max_continuous_time (req), layover_duration (req), include_service_time? }. Only ONE of breaks / layover_config.","Object: { max_continuous_time (req), layover_duration (req), include_service_time? }. Only ONE of breaks / layover_config.","Spec: Use this object to configure continuous driving time limitations and subsequent rest duration for the driver. Please note that only one of layover_config or breaks is allowed for a vehicle, at a time.",ACCEPT,
VEH-308,vehicles.layover_config,constraints,1,kept,,Requires max_continuous_time and layover_duration.,Requires max_continuous_time and layover_duration.,Existing enrichment,ACCEPT,
VEH-309,vehicles.layover_config,constraints,2,kept,,Cannot combine with breaks.,Cannot combine with breaks.,Existing enrichment,ACCEPT,
VEH-310,vehicles.layover_config,businessRules,1,new,,,"layover_config defines: Use this object to configure continuous driving time limitations and subsequent rest duration for the driver. Please note that only one of layover_config or breaks is allowed for a vehicle, at a time.",Analytical business logic extraction,ACCEPT,
VEH-311,vehicles.layover_config,businessRules,2,new,,,"Must stay consistent with: vehicles.layover_config.max_continuous_time, vehicles.breaks. Changes here may require validation of those fields.",Analytical business logic extraction,ACCEPT,
VEH-312,vehicles.layover_config,businessRules,3,new,,,Required field. Missing causes HTTP 400 validation error.,Analytical business logic extraction,ACCEPT,
VEH-313,vehicles.layover_config,validationRules,1,kept,,Both layover_config and breaks set -> 400.,Both layover_config and breaks set -> 400.,Existing enrichment,ACCEPT,
VEH-314,vehicles.layover_config,validationRules,2,kept,,Missing max_continuous_time or layover_duration -> 400.,Missing max_continuous_time or layover_duration -> 400.,Existing enrichment,ACCEPT,
VEH-315,vehicles.layover_config,testingGuidance,1,kept,Positive,Positive: rest after each max_continuous_time of driving.,Positive: rest after each max_continuous_time of driving.,Existing enrichment,ACCEPT,
VEH-316,vehicles.layover_config,testingGuidance,2,kept,,Negative: layover_config together with breaks -> 400.,Negative: layover_config together with breaks -> 400.,Existing enrichment,ACCEPT,
VEH-317,vehicles.layover_config.layover_duration,summary,1,kept,,Rest duration inserted after max_continuous_time. Required within layover_config.,Rest duration inserted after max_continuous_time. Required within layover_config.,"Spec: Specify the duration, in seconds, for which the driver should rest after driving continuously for the duration provided in max_continuous_time. This field is mandatory when using the layover_config…",ACCEPT,
VEH-318,vehicles.layover_config.layover_duration,range,1,kept,,Required non-negative integer seconds.,Required non-negative integer seconds.,"Spec: Specify the duration, in seconds, for which the driver should rest after driving continuously for the duration provided in max_continuous_time. This field is mandatory when using the layover_config…",ACCEPT,
VEH-319,vehicles.layover_config.layover_duration,constraints,1,kept,,Required.,Required.,Existing enrichment,ACCEPT,
VEH-320,vehicles.layover_config.layover_duration,constraints,2,kept,,Non-negative integer seconds.,Non-negative integer seconds.,Existing enrichment,ACCEPT,
VEH-321,vehicles.layover_config.layover_duration,businessRules,1,kept,,Adds to elapsed/working time and can push a route past the shift or max_working_time.,Adds to elapsed/working time and can push a route past the shift or max_working_time.,Existing enrichment,ACCEPT,
VEH-322,vehicles.layover_config.layover_duration,businessRules,2,new,,,"layover_duration defines: Specify the duration, in seconds, for which the driver should rest after driving continuously for the duration provided in max_continuous_time. This field is mandatory when using the layover_config…",Analytical business logic extraction,ACCEPT,
VEH-323,vehicles.layover_config.layover_duration,businessRules,3,new,,,"Must stay consistent with: vehicles.layover_config.max_continuous_time, vehicles.max_working_time. Changes here may require validation of those fields.",Analytical business logic extraction,ACCEPT,
VEH-324,vehicles.layover_config.layover_duration,businessRules,4,new,,,Values in seconds; must be non-negative. Zero means instantaneous.,Analytical business logic extraction,ACCEPT,
VEH-325,vehicles.layover_config.layover_duration,businessRules,5,new,,,Optional field. Omitting uses solver's default behavior (no penalty).,Analytical business logic extraction,ACCEPT,
VEH-326,vehicles.layover_config.layover_duration,testingGuidance,1,kept,Positive,Positive: layover_duration 2700 (45-min rest).,Positive: layover_duration 2700 (45-min rest).,Existing enrichment,ACCEPT,
VEH-327,vehicles.layover_config.layover_duration,testingGuidance,2,kept,Interaction,Interaction: rest time can breach max_working_time on long routes (C6).,Interaction: rest time can breach max_working_time on long routes (C6).,Existing enrichment,ACCEPT,
VEH-328,vehicles.layover_config.layover_duration,testingGuidance,3,new,Boundary,,Boundary: zero value (0),Analytical spec deep-dive,ACCEPT,
VEH-329,vehicles.layover_config.layover_duration,testingGuidance,4,new,Boundary,,Boundary: negative value (-1),Analytical spec deep-dive,ACCEPT,
VEH-330,vehicles.layover_config.layover_duration,testingGuidance,5,new,Boundary,,Boundary: very large value,Analytical spec deep-dive,ACCEPT,
VEH-331,vehicles.layover_config.layover_duration,testingGuidance,6,new,Positive,,Positive: omit optional field layover_duration,Analytical spec deep-dive,ACCEPT,
VEH-332,vehicles.layover_config.layover_duration,testingGuidance,7,new,Interaction,,Interaction: Infeasible: nearest task's leg alone exceeds max_travel_time -> vehicle serves nothing.,Analytical spec deep-dive,ACCEPT,
VEH-333,vehicles.layover_config.layover_duration,testingGuidance,8,new,Interaction,,Interaction: Interaction: a 40-min wait for a late window pushes route end past the shift -> unassigned.,Analytical spec deep-dive,ACCEPT,
VEH-334,vehicles.layover_config.layover_duration,testingGuidance,9,new,Interaction,,"Interaction: Break duration: vehicle with max_working_time 480 and two 30-min breaks + 8h driving -> working time 480 (hits cap, no room for service).",Analytical spec deep-dive,ACCEPT,
VEH-335,vehicles.layover_config.layover_duration,testingGuidance,10,new,Interaction,,"Interaction: Layover: max_working_time 480, 120-min layover + 360-min driving -> working time exactly 480.",Analytical spec deep-dive,ACCEPT,
VEH-336,vehicles.layover_config.max_continuous_time,summary,1,kept,,Max continuous driving time before a mandatory rest. Required within layover_config.,Max continuous driving time before a mandatory rest. Required within layover_config.,"Spec: Define the maximum time, in seconds, that a driver can drive without taking a break. This field is mandatory when using the layover_config attribute. Please note that accumulation of driving time i…",ACCEPT,
VEH-337,vehicles.layover_config.max_continuous_time,range,1,kept,,Required non-negative integer seconds.,Required non-negative integer seconds.,"Spec: Define the maximum time, in seconds, that a driver can drive without taking a break. This field is mandatory when using the layover_config attribute. Please note that accumulation of driving time i…",ACCEPT,
VEH-338,vehicles.layover_config.max_continuous_time,constraints,1,kept,,Required.,Required.,Existing enrichment,ACCEPT,
VEH-339,vehicles.layover_config.max_continuous_time,constraints,2,kept,,Non-negative integer seconds.,Non-negative integer seconds.,Existing enrichment,ACCEPT,
VEH-340,vehicles.layover_config.max_continuous_time,businessRules,1,kept,,"After this much continuous driving, a layover_duration rest is inserted.","After this much continuous driving, a layover_duration rest is inserted.",Existing enrichment,ACCEPT,
VEH-341,vehicles.layover_config.max_continuous_time,businessRules,2,new,,,"max_continuous_time defines: Define the maximum time, in seconds, that a driver can drive without taking a break. This field is mandatory when using the layover_config attribute. Please note that accumulation of driving time i…",Analytical business logic extraction,ACCEPT,
VEH-342,vehicles.layover_config.max_continuous_time,businessRules,3,new,,,Must stay consistent with: vehicles.layover_config.layover_duration. Changes here may require validation of those fields.,Analytical business logic extraction,ACCEPT,
VEH-343,vehicles.layover_config.max_continuous_time,businessRules,4,new,,,Values in seconds; must be non-negative. Zero means instantaneous.,Analytical business logic extraction,ACCEPT,
VEH-344,vehicles.layover_config.max_continuous_time,businessRules,5,new,,,Optional field. Omitting uses solver's default behavior (no penalty).,Analytical business logic extraction,ACCEPT,
VEH-345,vehicles.layover_config.max_continuous_time,testingGuidance,1,kept,Positive,Positive: max_continuous_time 16200 (4.5h) triggers a rest on long routes.,Positive: max_continuous_time 16200 (4.5h) triggers a rest on long routes.,Existing enrichment,ACCEPT,
VEH-346,vehicles.layover_config.max_continuous_time,testingGuidance,2,kept,Boundary,Boundary: a route just under the limit takes no rest.,Boundary: a route just under the limit takes no rest.,Existing enrichment,ACCEPT,
VEH-347,vehicles.layover_config.max_continuous_time,testingGuidance,3,new,Boundary,,Boundary: zero value (0),Analytical spec deep-dive,ACCEPT,
VEH-348,vehicles.layover_config.max_continuous_time,testingGuidance,4,new,Boundary,,Boundary: negative value (-1),Analytical spec deep-dive,ACCEPT,
VEH-349,vehicles.layover_config.max_continuous_time,testingGuidance,5,new,Boundary,,Boundary: very large value,Analytical spec deep-dive,ACCEPT,
VEH-350,vehicles.layover_config.max_continuous_time,testingGuidance,6,new,Positive,,Positive: omit optional field max_continuous_time,Analytical spec deep-dive,ACCEPT,
VEH-351,vehicles.max_deadhead_distance,summary,1,kept,,Soft cap on empty-travel distance on the first/last leg (meters).,Soft cap on empty-travel distance on the first/last leg (meters).,"Spec: Specify the maximum distance, in meters, that the vehicle can accumulate as deadhead travel on a route. The scope for deadhead travel calculations is limited to only the first leg (start location /…",ACCEPT,
VEH-352,vehicles.max_deadhead_distance,range,1,kept,,Integer meters. Cannot combine with max_depot_runs.,Integer meters. Cannot combine with max_depot_runs.,"Spec: Specify the maximum distance, in meters, that the vehicle can accumulate as deadhead travel on a route. The scope for deadhead travel calculations is limited to only the first leg (start location /…",ACCEPT,
VEH-353,vehicles.max_deadhead_distance,constraints,1,kept,,Cannot combine with max_depot_runs.,Cannot combine with max_depot_runs.,Existing enrichment,ACCEPT,
VEH-354,vehicles.max_deadhead_distance,businessRules,1,kept,,"Soft: overruns are penalized via costs.deadhead_distance_penalty, not hard-rejected.","Soft: overruns are penalized via costs.deadhead_distance_penalty, not hard-rejected.",Existing enrichment,ACCEPT,
VEH-355,vehicles.max_deadhead_distance,businessRules,2,new,,,"max_deadhead_distance defines: Specify the maximum distance, in meters, that the vehicle can accumulate as deadhead travel on a route. The scope for deadhead travel calculations is limited to only the first leg (start location /…",Analytical business logic extraction,ACCEPT,
VEH-356,vehicles.max_deadhead_distance,businessRules,3,new,,,"Must stay consistent with: vehicles.costs.deadhead_distance_penalty, vehicles.max_depot_runs. Changes here may require validation of those fields.",Analytical business logic extraction,ACCEPT,
VEH-357,vehicles.max_deadhead_distance,businessRules,4,new,,,Values in meters; must be non-negative. Affects routing cost calculations.,Analytical business logic extraction,ACCEPT,
VEH-358,vehicles.max_deadhead_distance,businessRules,5,new,,,Optional field. Omitting uses solver's default behavior (no penalty).,Analytical business logic extraction,ACCEPT,
VEH-359,vehicles.max_deadhead_distance,validationRules,1,kept,,max_deadhead_distance together with max_depot_runs -> 400.,max_deadhead_distance together with max_depot_runs -> 400.,Existing enrichment,ACCEPT,
VEH-360,vehicles.max_deadhead_distance,testingGuidance,1,kept,Positive,Positive: modest deadhead cap keeps vehicles near demand.,Positive: modest deadhead cap keeps vehicles near demand.,Existing enrichment,ACCEPT,
VEH-361,vehicles.max_deadhead_distance,testingGuidance,2,kept,,Negative: combined with max_depot_runs -> 400.,Negative: combined with max_depot_runs -> 400.,Existing enrichment,ACCEPT,
VEH-362,vehicles.max_deadhead_distance,testingGuidance,3,new,Boundary,,Boundary: zero value (0),Analytical spec deep-dive,ACCEPT,
VEH-363,vehicles.max_deadhead_distance,testingGuidance,4,new,Boundary,,Boundary: negative value (-1),Analytical spec deep-dive,ACCEPT,
VEH-364,vehicles.max_deadhead_distance,testingGuidance,5,new,Boundary,,Boundary: very large value,Analytical spec deep-dive,ACCEPT,
VEH-365,vehicles.max_deadhead_distance,testingGuidance,6,new,Positive,,Positive: omit optional field max_deadhead_distance,Analytical spec deep-dive,ACCEPT,
VEH-366,vehicles.max_deadhead_duration,summary,1,kept,,Soft cap on empty-travel duration on the first/last leg (seconds).,Soft cap on empty-travel duration on the first/last leg (seconds).,"Spec: Specify the maximum duration, in seconds, that the vehicle can accumulate as deadhead travel on a route. The scope for deadhead travel calculations is limited to only the first leg (start location …",ACCEPT,
VEH-367,vehicles.max_deadhead_duration,range,1,kept,,Integer seconds. Cannot combine with max_depot_runs.,Integer seconds. Cannot combine with max_depot_runs.,"Spec: Specify the maximum duration, in seconds, that the vehicle can accumulate as deadhead travel on a route. The scope for deadhead travel calculations is limited to only the first leg (start location …",ACCEPT,
VEH-368,vehicles.max_deadhead_duration,constraints,1,kept,,Cannot combine with max_depot_runs.,Cannot combine with max_depot_runs.,Existing enrichment,ACCEPT,
VEH-369,vehicles.max_deadhead_duration,businessRules,1,kept,,Soft: overruns penalized via costs.deadhead_duration_penalty.,Soft: overruns penalized via costs.deadhead_duration_penalty.,Existing enrichment,ACCEPT,
VEH-370,vehicles.max_deadhead_duration,businessRules,2,new,,,"max_deadhead_duration defines: Specify the maximum duration, in seconds, that the vehicle can accumulate as deadhead travel on a route. The scope for deadhead travel calculations is limited to only the first leg (start location …",Analytical business logic extraction,ACCEPT,
VEH-371,vehicles.max_deadhead_duration,businessRules,3,new,,,"Must stay consistent with: vehicles.costs.deadhead_duration_penalty, vehicles.max_depot_runs. Changes here may require validation of those fields.",Analytical business logic extraction,ACCEPT,
VEH-372,vehicles.max_deadhead_duration,businessRules,4,new,,,Values in seconds; must be non-negative. Zero means instantaneous.,Analytical business logic extraction,ACCEPT,
VEH-373,vehicles.max_deadhead_duration,businessRules,5,new,,,Optional field. Omitting uses solver's default behavior (no penalty).,Analytical business logic extraction,ACCEPT,
VEH-374,vehicles.max_deadhead_duration,validationRules,1,kept,,max_deadhead_duration together with max_depot_runs -> 400.,max_deadhead_duration together with max_depot_runs -> 400.,Existing enrichment,ACCEPT,
VEH-375,vehicles.max_deadhead_duration,testingGuidance,1,kept,Positive,Positive: deadhead-duration cap.,Positive: deadhead-duration cap.,Existing enrichment,ACCEPT,
VEH-376,vehicles.max_deadhead_duration,testingGuidance,2,kept,,Negative: combined with max_depot_runs -> 400.,Negative: combined with max_depot_runs -> 400.,Existing enrichment,ACCEPT,
VEH-377,vehicles.max_deadhead_duration,testingGuidance,3,new,Boundary,,Boundary: zero value (0),Analytical spec deep-dive,ACCEPT,
VEH-378,vehicles.max_deadhead_duration,testingGuidance,4,new,Boundary,,Boundary: negative value (-1),Analytical spec deep-dive,ACCEPT,
VEH-379,vehicles.max_deadhead_duration,testingGuidance,5,new,Boundary,,Boundary: very large value,Analytical spec deep-dive,ACCEPT,
VEH-380,vehicles.max_deadhead_duration,testingGuidance,6,new,Positive,,Positive: omit optional field max_deadhead_duration,Analytical spec deep-dive,ACCEPT,
VEH-381,vehicles.max_depot_runs,summary,1,kept,,Max number of returns to depot to reload during a route.,Max number of returns to depot to reload during a route.,Spec: Specify the maximum number of times the vehicle can return to the designated depot in order to reload items/cargo for completing additional tasks. Please note that: * start_depot_id is required for…,ACCEPT,
VEH-382,vehicles.max_depot_runs,range,1,kept,,"Integer, default 1. Requires start_depot_ids. Conflicts with relations, layover_config, deadhead constraints.","Integer, default 1. Requires start_depot_ids. Conflicts with relations, layover_config, deadhead constraints.",Spec: Specify the maximum number of times the vehicle can return to the designated depot in order to reload items/cargo for completing additional tasks. Please note that: * start_depot_id is required for…,ACCEPT,
VEH-383,vehicles.max_depot_runs,constraints,1,kept,,Requires a start depot.,Requires a start depot.,Existing enrichment,ACCEPT,
VEH-384,vehicles.max_depot_runs,constraints,2,kept,,"Cannot combine with max_deadhead_distance/duration, layover_config, relations.","Cannot combine with max_deadhead_distance/duration, layover_config, relations.",Existing enrichment,ACCEPT,
VEH-385,vehicles.max_depot_runs,businessRules,1,new,,,max_depot_runs defines: Specify the maximum number of times the vehicle can return to the designated depot in order to reload items/cargo for completing additional tasks. Please note that: * start_depot_id is required for…,Analytical business logic extraction,ACCEPT,
VEH-386,vehicles.max_depot_runs,businessRules,2,new,,,Must stay consistent with: vehicles.start_depot_ids. Changes here may require validation of those fields.,Analytical business logic extraction,ACCEPT,
VEH-387,vehicles.max_depot_runs,businessRules,3,new,,,Rule: Shipments: pickup always occurs before delivery on the route.,Analytical business logic extraction,ACCEPT,
VEH-388,vehicles.max_depot_runs,businessRules,4,new,,,Numeric field; verify sign (positive/negative) and unit from spec.,Analytical business logic extraction,ACCEPT,
VEH-389,vehicles.max_depot_runs,businessRules,5,new,,,Optional field. Omitting uses solver's default behavior (no penalty).,Analytical business logic extraction,ACCEPT,
VEH-390,vehicles.max_depot_runs,validationRules,1,kept,,max_depot_runs > 1 without a start depot -> 400.,max_depot_runs > 1 without a start depot -> 400.,Existing enrichment,ACCEPT,
VEH-391,vehicles.max_depot_runs,validationRules,2,kept,,Combined with a conflicting field -> 400.,Combined with a conflicting field -> 400.,Existing enrichment,ACCEPT,
VEH-392,vehicles.max_depot_runs,testingGuidance,1,kept,Positive,Positive: max_depot_runs 2 lets a small vehicle reload and serve more demand.,Positive: max_depot_runs 2 lets a small vehicle reload and serve more demand.,Existing enrichment,ACCEPT,
VEH-393,vehicles.max_depot_runs,testingGuidance,2,kept,,Negative: max_depot_runs with layover_config also set -> 400.,Negative: max_depot_runs with layover_config also set -> 400.,Existing enrichment,ACCEPT,
VEH-394,vehicles.max_depot_runs,testingGuidance,3,new,Boundary,,Boundary: zero value (0),Analytical spec deep-dive,ACCEPT,
VEH-395,vehicles.max_depot_runs,testingGuidance,4,new,Boundary,,Boundary: negative value (-1),Analytical spec deep-dive,ACCEPT,
VEH-396,vehicles.max_depot_runs,testingGuidance,5,new,Boundary,,Boundary: very large value,Analytical spec deep-dive,ACCEPT,
VEH-397,vehicles.max_depot_runs,testingGuidance,6,new,Positive,,Positive: omit optional field max_depot_runs,Analytical spec deep-dive,ACCEPT,
VEH-398,vehicles.max_depot_runs,testingGuidance,7,new,Interaction,,"Interaction: Positive: two depots north/south, demand split by region -> each vehicle serves its nearby cluster.",Analytical spec deep-dive,ACCEPT,
VEH-399,vehicles.max_depot_runs,testingGuidance,8,new,Interaction,,Interaction: Infeasible: job depot_ids incompatible with any vehicle's depots -> unassigned.,Analytical spec deep-dive,ACCEPT,
VEH-400,vehicles.max_distance,summary,1,kept,,Hard cap on cumulative route distance (meters).,Hard cap on cumulative route distance (meters).,"Spec: Specify the total distance, in meters, that the vehicle can travel. This is a constraint on the driving distance of the vehicle. In case distance_matrix is also provided in the input, then this con…",ACCEPT,
VEH-401,vehicles.max_distance,range,1,kept,,Non-negative integer meters. Applies to distance_matrix values if provided.,Non-negative integer meters. Applies to distance_matrix values if provided.,"Spec: Specify the total distance, in meters, that the vehicle can travel. This is a constraint on the driving distance of the vehicle. In case distance_matrix is also provided in the input, then this con…",ACCEPT,
VEH-402,vehicles.max_distance,constraints,1,kept,,Non-negative integer meters; route distance <= max_distance.,Non-negative integer meters; route distance <= max_distance.,Existing enrichment,ACCEPT,
VEH-403,vehicles.max_distance,businessRules,1,new,,,"max_distance defines: Specify the total distance, in meters, that the vehicle can travel. This is a constraint on the driving distance of the vehicle. In case distance_matrix is also provided in the input, then this con…",Analytical business logic extraction,ACCEPT,
VEH-404,vehicles.max_distance,businessRules,2,new,,,Must stay consistent with: vehicles.max_travel_time. Changes here may require validation of those fields.,Analytical business logic extraction,ACCEPT,
VEH-405,vehicles.max_distance,businessRules,3,new,,,Values in meters; must be non-negative. Affects routing cost calculations.,Analytical business logic extraction,ACCEPT,
VEH-406,vehicles.max_distance,businessRules,4,new,,,Optional field. Omitting uses solver's default behavior (no penalty).,Analytical business logic extraction,ACCEPT,
VEH-407,vehicles.max_distance,testingGuidance,1,kept,Positive,Positive: max_distance 100000 (100km) covers the plan.,Positive: max_distance 100000 (100km) covers the plan.,Existing enrichment,ACCEPT,
VEH-408,vehicles.max_distance,testingGuidance,2,kept,,Infeasible: max_distance shorter than the leg to the nearest task -> vehicle unused.,Infeasible: max_distance shorter than the leg to the nearest task -> vehicle unused.,Existing enrichment,ACCEPT,
VEH-409,vehicles.max_distance,testingGuidance,3,kept,Boundary,Boundary: route distance exactly max_distance accepted.,Boundary: route distance exactly max_distance accepted.,Existing enrichment,ACCEPT,
VEH-410,vehicles.max_distance,testingGuidance,4,new,Boundary,,Boundary: zero value (0),Analytical spec deep-dive,ACCEPT,
VEH-411,vehicles.max_distance,testingGuidance,5,new,Boundary,,Boundary: negative value (-1),Analytical spec deep-dive,ACCEPT,
VEH-412,vehicles.max_distance,testingGuidance,6,new,Boundary,,Boundary: very large value,Analytical spec deep-dive,ACCEPT,
VEH-413,vehicles.max_distance,testingGuidance,7,new,Positive,,Positive: omit optional field max_distance,Analytical spec deep-dive,ACCEPT,
VEH-414,vehicles.max_distance,testingGuidance,8,new,Interaction,,Interaction: Infeasible: nearest task's leg alone exceeds max_travel_time -> vehicle serves nothing.,Analytical spec deep-dive,ACCEPT,
VEH-415,vehicles.max_distance,testingGuidance,9,new,Interaction,,Interaction: Interaction: a 40-min wait for a late window pushes route end past the shift -> unassigned.,Analytical spec deep-dive,ACCEPT,
VEH-416,vehicles.max_distance,testingGuidance,10,new,Interaction,,"Interaction: Break duration: vehicle with max_working_time 480 and two 30-min breaks + 8h driving -> working time 480 (hits cap, no room for service).",Analytical spec deep-dive,ACCEPT,
VEH-417,vehicles.max_distance,testingGuidance,11,new,Interaction,,"Interaction: Layover: max_working_time 480, 120-min layover + 360-min driving -> working time exactly 480.",Analytical spec deep-dive,ACCEPT,
VEH-418,vehicles.max_stops,summary,1,kept,,Hard cap on the number of stops on the vehicle's route (breaks/layovers not counted).,Hard cap on the number of stops on the vehicle's route (breaks/layovers not counted).,"Spec: Specify the maximum number of stops that the vehicle can make. Whenever the vehicle makes a stop during a trip, it is counted against the “max\_stop” constraint. Vehicles stopping for breaks or lay…",ACCEPT,
VEH-419,vehicles.max_stops,range,1,kept,,Non-negative integer. A shipment consumes TWO stops (pickup + delivery).,Non-negative integer. A shipment consumes TWO stops (pickup + delivery).,"Spec: Specify the maximum number of stops that the vehicle can make. Whenever the vehicle makes a stop during a trip, it is counted against the “max\_stop” constraint. Vehicles stopping for breaks or lay…",ACCEPT,
VEH-420,vehicles.max_stops,constraints,1,kept,,Non-negative integer.,Non-negative integer.,Existing enrichment,ACCEPT,
VEH-421,vehicles.max_stops,constraints,2,kept,,Served stops on the route must be <= max_stops.,Served stops on the route must be <= max_stops.,Existing enrichment,ACCEPT,
VEH-422,vehicles.max_stops,businessRules,1,kept,,Tasks beyond the cap go to other vehicles or result.unassigned.,Tasks beyond the cap go to other vehicles or result.unassigned.,Existing enrichment,ACCEPT,
VEH-423,vehicles.max_stops,businessRules,2,kept,,max_stops 0 makes the vehicle effectively unused.,max_stops 0 makes the vehicle effectively unused.,Existing enrichment,ACCEPT,
VEH-424,vehicles.max_stops,businessRules,3,new,,,"max_stops defines: Specify the maximum number of stops that the vehicle can make. Whenever the vehicle makes a stop during a trip, it is counted against the “max\_stop” constraint. Vehicles stopping for breaks or lay…",Analytical business logic extraction,ACCEPT,
VEH-425,vehicles.max_stops,businessRules,4,new,,,Must stay consistent with: vehicles.max_tasks. Changes here may require validation of those fields.,Analytical business logic extraction,ACCEPT,
VEH-426,vehicles.max_stops,businessRules,5,new,,,Numeric field; verify sign (positive/negative) and unit from spec.,Analytical business logic extraction,ACCEPT,
VEH-427,vehicles.max_stops,businessRules,6,new,,,Optional field. Omitting uses solver's default behavior (no penalty).,Analytical business logic extraction,ACCEPT,
VEH-428,vehicles.max_stops,testingGuidance,1,kept,Positive,Positive: max_stops 8 with 8 eligible jobs — all served.,Positive: max_stops 8 with 8 eligible jobs — all served.,Existing enrichment,ACCEPT,
VEH-429,vehicles.max_stops,testingGuidance,2,kept,Boundary,Boundary: 9th eligible job with max_stops 8 -> unassigned or reassigned.,Boundary: 9th eligible job with max_stops 8 -> unassigned or reassigned.,Existing enrichment,ACCEPT,
VEH-430,vehicles.max_stops,testingGuidance,3,kept,,Infeasible: fleet cap below total eligible demand forces unassigned.,Infeasible: fleet cap below total eligible demand forces unassigned.,Existing enrichment,ACCEPT,
VEH-431,vehicles.max_stops,testingGuidance,4,new,Boundary,,Boundary: zero value (0),Analytical spec deep-dive,ACCEPT,
VEH-432,vehicles.max_stops,testingGuidance,5,new,Boundary,,Boundary: negative value (-1),Analytical spec deep-dive,ACCEPT,
VEH-433,vehicles.max_stops,testingGuidance,6,new,Boundary,,Boundary: very large value,Analytical spec deep-dive,ACCEPT,
VEH-434,vehicles.max_stops,testingGuidance,7,new,Positive,,Positive: omit optional field max_stops,Analytical spec deep-dive,ACCEPT,
VEH-435,vehicles.max_stops,testingGuidance,8,new,Interaction,,Interaction: Boundary: max_tasks 5 with 6 eligible jobs -> the 6th is reassigned or unassigned.,Analytical spec deep-dive,ACCEPT,
VEH-436,vehicles.max_stops,testingGuidance,9,new,Interaction,,"Interaction: Combination: two vehicles each max_tasks 5, 12 jobs -> >=2 unassigned.",Analytical spec deep-dive,ACCEPT,
VEH-437,vehicles.max_tasks,summary,1,kept,,Hard cap on the number of tasks assignable to the vehicle.,Hard cap on the number of tasks assignable to the vehicle.,Spec: Describe the maximum number of tasks that can be assigned to this vehicle. It should be a positive integer.,ACCEPT,
VEH-438,vehicles.max_tasks,range,1,kept,,Positive integer.,Positive integer.,Spec: Describe the maximum number of tasks that can be assigned to this vehicle. It should be a positive integer.,ACCEPT,
VEH-439,vehicles.max_tasks,constraints,1,kept,,Positive integer; served tasks <= max_tasks.,Positive integer; served tasks <= max_tasks.,Existing enrichment,ACCEPT,
VEH-440,vehicles.max_tasks,businessRules,1,kept,,Excess tasks reassigned or unassigned. max_tasks 0 -> vehicle serves nothing.,Excess tasks reassigned or unassigned. max_tasks 0 -> vehicle serves nothing.,Existing enrichment,ACCEPT,
VEH-441,vehicles.max_tasks,businessRules,2,new,,,max_tasks defines: Describe the maximum number of tasks that can be assigned to this vehicle. It should be a positive integer.,Analytical business logic extraction,ACCEPT,
VEH-442,vehicles.max_tasks,businessRules,3,new,,,Must stay consistent with: vehicles.max_stops. Changes here may require validation of those fields.,Analytical business logic extraction,ACCEPT,
VEH-443,vehicles.max_tasks,businessRules,4,new,,,Numeric field; verify sign (positive/negative) and unit from spec.,Analytical business logic extraction,ACCEPT,
VEH-444,vehicles.max_tasks,businessRules,5,new,,,Optional field. Omitting uses solver's default behavior (no penalty).,Analytical business logic extraction,ACCEPT,
VEH-445,vehicles.max_tasks,testingGuidance,1,kept,Positive,"Positive: max_tasks 5, 5 jobs -> all served.","Positive: max_tasks 5, 5 jobs -> all served.",Existing enrichment,ACCEPT,
VEH-446,vehicles.max_tasks,testingGuidance,2,kept,Boundary,Boundary: 6th job with max_tasks 5 -> elsewhere/unassigned.,Boundary: 6th job with max_tasks 5 -> elsewhere/unassigned.,Existing enrichment,ACCEPT,
VEH-447,vehicles.max_tasks,testingGuidance,3,kept,,"Combination: two vehicles each max_tasks 5, 12 jobs -> >=2 unassigned.","Combination: two vehicles each max_tasks 5, 12 jobs -> >=2 unassigned.",Existing enrichment,ACCEPT,
VEH-448,vehicles.max_tasks,testingGuidance,4,new,Boundary,,Boundary: zero value (0),Analytical spec deep-dive,ACCEPT,
VEH-449,vehicles.max_tasks,testingGuidance,5,new,Boundary,,Boundary: negative value (-1),Analytical spec deep-dive,ACCEPT,
VEH-450,vehicles.max_tasks,testingGuidance,6,new,Boundary,,Boundary: very large value,Analytical spec deep-dive,ACCEPT,
VEH-451,vehicles.max_tasks,testingGuidance,7,new,Positive,,Positive: omit optional field max_tasks,Analytical spec deep-dive,ACCEPT,
VEH-452,vehicles.max_tasks,testingGuidance,8,new,Interaction,,Interaction: Boundary: max_tasks 5 with 6 eligible jobs -> the 6th is reassigned or unassigned.,Analytical spec deep-dive,ACCEPT,
VEH-453,vehicles.max_travel_cost,summary,1,kept,,DEPRECATED — use max_distance / max_travel_time instead.,DEPRECATED — use max_distance / max_travel_time instead.,Spec: **Deprecated! Please use the** max_distance or max_travel_time **parameters to limit the vehicle’s driving distance or driving durations respectively.** It restricts the maximum “cost” that a vehic…,ACCEPT,
VEH-454,vehicles.max_travel_cost,range,1,kept,,Integer. Deprecated legacy cap.,Integer. Deprecated legacy cap.,Spec: **Deprecated! Please use the** max_distance or max_travel_time **parameters to limit the vehicle’s driving distance or driving durations respectively.** It restricts the maximum “cost” that a vehic…,ACCEPT,
VEH-455,vehicles.max_travel_cost,businessRules,1,kept,,Deprecated: prefer max_distance / max_travel_time.,Deprecated: prefer max_distance / max_travel_time.,Existing enrichment,ACCEPT,
VEH-456,vehicles.max_travel_cost,businessRules,2,new,,,max_travel_cost defines: **Deprecated! Please use the** max_distance or max_travel_time **parameters to limit the vehicle’s driving distance or driving durations respectively.** It restricts the maximum “cost” that a vehic…,Analytical business logic extraction,ACCEPT,
VEH-457,vehicles.max_travel_cost,businessRules,3,new,,,"Must stay consistent with: vehicles.max_distance, vehicles.max_travel_time. Changes here may require validation of those fields.",Analytical business logic extraction,ACCEPT,
VEH-458,vehicles.max_travel_cost,businessRules,4,new,,,This is a soft constraint. Violations are penalized but don't make solutions infeasible.,Analytical business logic extraction,ACCEPT,
VEH-459,vehicles.max_travel_cost,businessRules,5,new,,,Zero means no penalty/cost; larger values increase incentive to avoid violation.,Analytical business logic extraction,ACCEPT,
VEH-460,vehicles.max_travel_cost,businessRules,6,new,,,Optional field. Omitting uses solver's default behavior (no penalty).,Analytical business logic extraction,ACCEPT,
VEH-461,vehicles.max_travel_cost,testingGuidance,1,kept,,Regression: legacy max_travel_cost still parsed; migrate to the modern caps.,Regression: legacy max_travel_cost still parsed; migrate to the modern caps.,Existing enrichment,ACCEPT,
VEH-462,vehicles.max_travel_cost,testingGuidance,2,new,Boundary,,Boundary: zero value (0),Analytical spec deep-dive,ACCEPT,
VEH-463,vehicles.max_travel_cost,testingGuidance,3,new,Boundary,,Boundary: negative value (-1),Analytical spec deep-dive,ACCEPT,
VEH-464,vehicles.max_travel_cost,testingGuidance,4,new,Boundary,,Boundary: very large value,Analytical spec deep-dive,ACCEPT,
VEH-465,vehicles.max_travel_cost,testingGuidance,5,new,Positive,,Positive: omit optional field max_travel_cost,Analytical spec deep-dive,ACCEPT,
VEH-466,vehicles.max_travel_time,summary,1,kept,,Hard cap on cumulative DRIVING time (excludes wait/service/setup).,Hard cap on cumulative DRIVING time (excludes wait/service/setup).,"Spec: Specify the total duration, in seconds, that the vehicle can be driven for. This is a constraint on the driving duration of the vehicle only and any wait, service or setup times spent towards the j…",ACCEPT,
VEH-467,vehicles.max_travel_time,range,1,kept,,Non-negative integer seconds.,Non-negative integer seconds.,"Spec: Specify the total duration, in seconds, that the vehicle can be driven for. This is a constraint on the driving duration of the vehicle only and any wait, service or setup times spent towards the j…",ACCEPT,
VEH-468,vehicles.max_travel_time,constraints,1,kept,,Non-negative integer seconds; route driving time <= max_travel_time.,Non-negative integer seconds; route driving time <= max_travel_time.,Existing enrichment,ACCEPT,
VEH-469,vehicles.max_travel_time,businessRules,1,kept,,An insertion raising driving time past the cap is rejected (task routed elsewhere/unassigned).,An insertion raising driving time past the cap is rejected (task routed elsewhere/unassigned).,Existing enrichment,ACCEPT,
VEH-470,vehicles.max_travel_time,businessRules,2,new,,,"max_travel_time defines: Specify the total duration, in seconds, that the vehicle can be driven for. This is a constraint on the driving duration of the vehicle only and any wait, service or setup times spent towards the j…",Analytical business logic extraction,ACCEPT,
VEH-471,vehicles.max_travel_time,businessRules,3,new,,,"Must stay consistent with: vehicles.max_distance, vehicles.max_working_time, vehicles.time_window. Changes here may require validation of those fields.",Analytical business logic extraction,ACCEPT,
VEH-472,vehicles.max_travel_time,businessRules,4,new,,,Values in seconds; must be non-negative. Zero means instantaneous.,Analytical business logic extraction,ACCEPT,
VEH-473,vehicles.max_travel_time,businessRules,5,new,,,Optional field. Omitting uses solver's default behavior (no penalty).,Analytical business logic extraction,ACCEPT,
VEH-474,vehicles.max_travel_time,testingGuidance,1,kept,Positive,Positive: max_travel_time 14400 (4h) with a 3h route.,Positive: max_travel_time 14400 (4h) with a 3h route.,Existing enrichment,ACCEPT,
VEH-475,vehicles.max_travel_time,testingGuidance,2,kept,,Infeasible: nearest task's leg alone exceeds max_travel_time -> vehicle serves nothing.,Infeasible: nearest task's leg alone exceeds max_travel_time -> vehicle serves nothing.,Existing enrichment,ACCEPT,
VEH-476,vehicles.max_travel_time,testingGuidance,3,kept,Boundary,Boundary: route driving time exactly max_travel_time accepted.,Boundary: route driving time exactly max_travel_time accepted.,Existing enrichment,ACCEPT,
VEH-477,vehicles.max_travel_time,testingGuidance,4,new,Boundary,,Boundary: zero value (0),Analytical spec deep-dive,ACCEPT,
VEH-478,vehicles.max_travel_time,testingGuidance,5,new,Boundary,,Boundary: negative value (-1),Analytical spec deep-dive,ACCEPT,
VEH-479,vehicles.max_travel_time,testingGuidance,6,new,Boundary,,Boundary: very large value,Analytical spec deep-dive,ACCEPT,
VEH-480,vehicles.max_travel_time,testingGuidance,7,new,Positive,,Positive: omit optional field max_travel_time,Analytical spec deep-dive,ACCEPT,
VEH-481,vehicles.max_travel_time,testingGuidance,8,new,Interaction,,Interaction: Interaction: a 40-min wait for a late window pushes route end past the shift -> unassigned.,Analytical spec deep-dive,ACCEPT,
VEH-482,vehicles.max_travel_time,testingGuidance,9,new,Interaction,,"Interaction: Break duration: vehicle with max_working_time 480 and two 30-min breaks + 8h driving -> working time 480 (hits cap, no room for service).",Analytical spec deep-dive,ACCEPT,
VEH-483,vehicles.max_travel_time,testingGuidance,10,new,Interaction,,"Interaction: Layover: max_working_time 480, 120-min layover + 360-min driving -> working time exactly 480.",Analytical spec deep-dive,ACCEPT,
VEH-484,vehicles.max_working_time,summary,1,kept,,Hard cap on total working duration: service + waiting + setup + driving all count.,Hard cap on total working duration: service + waiting + setup + driving all count.,"Spec: Specify the maximum duration, in seconds, that the vehicle can work for on the assigned route. Please note that all types of driver activities during the route—service, waiting, setup, and driving—…",ACCEPT,
VEH-485,vehicles.max_working_time,range,1,kept,,Non-negative integer seconds.,Non-negative integer seconds.,"Spec: Specify the maximum duration, in seconds, that the vehicle can work for on the assigned route. Please note that all types of driver activities during the route—service, waiting, setup, and driving—…",ACCEPT,
VEH-486,vehicles.max_working_time,constraints,1,kept,,Non-negative integer seconds; total working time <= max_working_time.,Non-negative integer seconds; total working time <= max_working_time.,Existing enrichment,ACCEPT,
VEH-487,vehicles.max_working_time,businessRules,1,kept,,"Unlike max_travel_time, waiting and service count — a long wait for a late window can breach this.","Unlike max_travel_time, waiting and service count — a long wait for a late window can breach this.",Existing enrichment,ACCEPT,
VEH-488,vehicles.max_working_time,businessRules,2,new,,,"max_working_time defines: Specify the maximum duration, in seconds, that the vehicle can work for on the assigned route. Please note that all types of driver activities during the route—service, waiting, setup, and driving—…",Analytical business logic extraction,ACCEPT,
VEH-489,vehicles.max_working_time,businessRules,3,new,,,"Must stay consistent with: vehicles.max_travel_time, vehicles.time_window. Changes here may require validation of those fields.",Analytical business logic extraction,ACCEPT,
VEH-490,vehicles.max_working_time,businessRules,4,new,,,Rule: Shipments: pickup always occurs before delivery on the route.,Analytical business logic extraction,ACCEPT,
VEH-491,vehicles.max_working_time,businessRules,5,new,,,Values in seconds; must be non-negative. Zero means instantaneous.,Analytical business logic extraction,ACCEPT,
VEH-492,vehicles.max_working_time,businessRules,6,new,,,Optional field. Omitting uses solver's default behavior (no penalty).,Analytical business logic extraction,ACCEPT,
VEH-493,vehicles.max_working_time,testingGuidance,1,kept,Positive,Positive: generous max_working_time covers driving+service+wait.,Positive: generous max_working_time covers driving+service+wait.,Existing enrichment,ACCEPT,
VEH-494,vehicles.max_working_time,testingGuidance,2,kept,,Infeasible: a late time window forces waiting that pushes working time past the cap -> unassigned.,Infeasible: a late time window forces waiting that pushes working time past the cap -> unassigned.,Existing enrichment,ACCEPT,
VEH-495,vehicles.max_working_time,testingGuidance,3,new,Boundary,,Boundary: zero value (0),Analytical spec deep-dive,ACCEPT,
VEH-496,vehicles.max_working_time,testingGuidance,4,new,Boundary,,Boundary: negative value (-1),Analytical spec deep-dive,ACCEPT,
VEH-497,vehicles.max_working_time,testingGuidance,5,new,Boundary,,Boundary: very large value,Analytical spec deep-dive,ACCEPT,
VEH-498,vehicles.max_working_time,testingGuidance,6,new,Positive,,Positive: omit optional field max_working_time,Analytical spec deep-dive,ACCEPT,
VEH-499,vehicles.max_working_time,testingGuidance,7,new,Interaction,,Interaction: Infeasible: nearest task's leg alone exceeds max_travel_time -> vehicle serves nothing.,Analytical spec deep-dive,ACCEPT,
VEH-500,vehicles.max_working_time,testingGuidance,8,new,Interaction,,Interaction: Interaction: a 40-min wait for a late window pushes route end past the shift -> unassigned.,Analytical spec deep-dive,ACCEPT,
VEH-501,vehicles.max_working_time,testingGuidance,9,new,Interaction,,"Interaction: Break duration: vehicle with max_working_time 480 and two 30-min breaks + 8h driving -> working time 480 (hits cap, no room for service).",Analytical spec deep-dive,ACCEPT,
VEH-502,vehicles.max_working_time,testingGuidance,10,new,Interaction,,"Interaction: Layover: max_working_time 480, 120-min layover + 360-min driving -> working time exactly 480.",Analytical spec deep-dive,ACCEPT,
VEH-503,vehicles.max_working_time,testingGuidance,11,new,Interaction,,"Interaction: Infeasible: job window [09:00,09:30], max_visit_lateness 0, nearest vehicle arrives 09:45 -> unassigned.",Analytical spec deep-dive,ACCEPT,
VEH-504,vehicles.max_working_time,testingGuidance,12,new,Interaction,,Interaction: Interaction: a long wait for a late window pushes route end past the shift -> unassigned (couples with max-duration-distance-cap).,Analytical spec deep-dive,ACCEPT,
VEH-505,vehicles.max_working_time,testingGuidance,13,new,Interaction,,"Interaction: Shipment: delivery window [09:00,09:30], max_visit_lateness 15, nearest vehicle arrives 09:40 -> accepted within lateness.",Analytical spec deep-dive,ACCEPT,
VEH-506,vehicles.max_working_time,testingGuidance,14,new,Interaction,,"Interaction: Break: break time_windows [12:00,13:00], vehicle arrives 12:30 -> break scheduled at 12:30.",Analytical spec deep-dive,ACCEPT,
VEH-507,vehicles.min_stop_load,summary,1,kept,,"Preferred minimum load per (delivery) stop; below it, penalties from costs apply.","Preferred minimum load per (delivery) stop; below it, penalties from costs apply.","Spec: Specifies the minimum load threshold that should be preferred to serve at a stop. When a task’s load is lower than this threshold, the optimizer applies a penalty (as defined by costs.min_stop_load…",ACCEPT,
VEH-508,vehicles.min_stop_load,range,1,kept,,"Array of integers, same dimensions as capacity. Delivery jobs only. Soft — drives penalties, not infeasibility.","Array of integers, same dimensions as capacity. Delivery jobs only. Soft — drives penalties, not infeasibility.","Spec: Specifies the minimum load threshold that should be preferred to serve at a stop. When a task’s load is lower than this threshold, the optimizer applies a penalty (as defined by costs.min_stop_load…",ACCEPT,
VEH-509,vehicles.min_stop_load,constraints,1,kept,,Same dimension count as capacity.,Same dimension count as capacity.,Existing enrichment,ACCEPT,
VEH-510,vehicles.min_stop_load,businessRules,1,kept,,"Soft constraint: shortfall triggers costs.min_stop_load_fixed_penalty / _unit_penalty, does not force unassignment.","Soft constraint: shortfall triggers costs.min_stop_load_fixed_penalty / _unit_penalty, does not force unassignment.",Existing enrichment,ACCEPT,
VEH-511,vehicles.min_stop_load,businessRules,2,new,,,"min_stop_load defines: Specifies the minimum load threshold that should be preferred to serve at a stop. When a task’s load is lower than this threshold, the optimizer applies a penalty (as defined by costs.min_stop_load…",Analytical business logic extraction,ACCEPT,
VEH-512,vehicles.min_stop_load,businessRules,3,new,,,Each element in min_stop_load must be valid and consistent with related fields.,Analytical business logic extraction,ACCEPT,
VEH-513,vehicles.min_stop_load,businessRules,4,new,,,"Must stay consistent with: vehicles.capacity, vehicles.costs.min_stop_load_fixed_penalty. Changes here may require validation of those fields.",Analytical business logic extraction,ACCEPT,
VEH-514,vehicles.min_stop_load,businessRules,5,new,,,"Rule: Capacity dimensions must match across jobs, shipments, and vehicles.",Analytical business logic extraction,ACCEPT,
VEH-515,vehicles.min_stop_load,businessRules,6,new,,,Optional field. Omitting uses solver's default behavior (no penalty).,Analytical business logic extraction,ACCEPT,
VEH-516,vehicles.min_stop_load,testingGuidance,1,kept,Positive,Positive: min_stop_load [5] with all deliveries >= 5 — no penalty.,Positive: min_stop_load [5] with all deliveries >= 5 — no penalty.,Existing enrichment,ACCEPT,
VEH-517,vehicles.min_stop_load,testingGuidance,2,kept,,Behavioral: a delivery below min_stop_load still assigned but incurs penalty.,Behavioral: a delivery below min_stop_load still assigned but incurs penalty.,Existing enrichment,ACCEPT,
VEH-518,vehicles.min_stop_load,testingGuidance,3,new,Positive,,Positive: omit optional field min_stop_load,Analytical spec deep-dive,ACCEPT,
VEH-519,vehicles.min_stop_load,testingGuidance,4,new,Interaction,,"Interaction: Negative: capacity [10,100] but a job delivery [5] (1 dim vs 2) -> HTTP 400 input validation failed.",Analytical spec deep-dive,ACCEPT,
VEH-520,vehicles.min_stop_load,testingGuidance,5,new,Interaction,,"Interaction: Positive: capacity [10,100] with all deliveries/pickups/amounts 2-dimensional -> accepted.",Analytical spec deep-dive,ACCEPT,
VEH-521,vehicles.min_stop_load,testingGuidance,6,new,Interaction,,Interaction: Consistency: alternative_capacities with different dimension than primary capacity -> HTTP 400.,Analytical spec deep-dive,ACCEPT,
VEH-522,vehicles.min_stop_load,testingGuidance,7,new,Interaction,,"Interaction: Consistency: min_stop_load [20,30] but capacity [10,100] only -> dimension mismatch HTTP 400.",Analytical spec deep-dive,ACCEPT,
VEH-523,vehicles.profile,summary,1,kept,,Routing profile the vehicle uses; must be defined in options.routing.profiles.,Routing profile the vehicle uses; must be defined in options.routing.profiles.,"Spec: Specify the profile for this vehicle. The routing properties of the profile specified here must be defined within routing.profiles under options. If no profile is specified, then default routing pr…",ACCEPT,
VEH-524,vehicles.profile,range,1,kept,,String profile name. Defaults to the default profile if omitted.,String profile name. Defaults to the default profile if omitted.,"Spec: Specify the profile for this vehicle. The routing properties of the profile specified here must be defined within routing.profiles under options. If no profile is specified, then default routing pr…",ACCEPT,
VEH-525,vehicles.profile,constraints,1,kept,,"If set, must match a profile defined under options.routing.profiles.","If set, must match a profile defined under options.routing.profiles.",Existing enrichment,ACCEPT,
VEH-526,vehicles.profile,businessRules,1,new,,,"profile defines: Specify the profile for this vehicle. The routing properties of the profile specified here must be defined within routing.profiles under options. If no profile is specified, then default routing pr…",Analytical business logic extraction,ACCEPT,
VEH-527,vehicles.profile,businessRules,2,new,,,Must stay consistent with: options.routing. Changes here may require validation of those fields.,Analytical business logic extraction,ACCEPT,
VEH-528,vehicles.profile,businessRules,3,new,,,Optional field. Omitting uses solver's default behavior (no penalty).,Analytical business logic extraction,ACCEPT,
VEH-529,vehicles.profile,businessRules,4,new,,,"Vehicle profile affects speed factor, restrictions, and routing attributes availability.",Analytical business logic extraction,ACCEPT,
VEH-530,vehicles.profile,validationRules,1,kept,,A profile name not defined in options.routing.profiles -> 400.,A profile name not defined in options.routing.profiles -> 400.,Existing enrichment,ACCEPT,
VEH-531,vehicles.profile,testingGuidance,1,kept,Positive,Positive: profile 'truck' defined in options.routing.profiles.,Positive: profile 'truck' defined in options.routing.profiles.,Existing enrichment,ACCEPT,
VEH-532,vehicles.profile,testingGuidance,2,kept,,Negative: an undefined profile name -> 400.,Negative: an undefined profile name -> 400.,Existing enrichment,ACCEPT,
VEH-533,vehicles.profile,testingGuidance,3,new,Positive,,Positive: omit optional field profile,Analytical spec deep-dive,ACCEPT,
VEH-534,vehicles.restricted_zones,summary,1,kept,,Zones the vehicle may NOT serve tasks in (it may still route through them).,Zones the vehicle may NOT serve tasks in (it may still route through them).,"Spec: Specifies the zones where the vehicle is restricted from fulfilling any tasks. Although, the vehicle can be routed through such zones. Please note: * If this parameter is provided, then the vehicle…",ACCEPT,
VEH-535,vehicles.restricted_zones,range,1,kept,,Array of integer zone IDs.,Array of integer zone IDs.,"Spec: Specifies the zones where the vehicle is restricted from fulfilling any tasks. Although, the vehicle can be routed through such zones. Please note: * If this parameter is provided, then the vehicle…",ACCEPT,
VEH-536,vehicles.restricted_zones,businessRules,1,kept,,"A task in a restricted zone cannot be assigned to this vehicle, though the vehicle may transit the zone.","A task in a restricted zone cannot be assigned to this vehicle, though the vehicle may transit the zone.",Existing enrichment,ACCEPT,
VEH-537,vehicles.restricted_zones,businessRules,2,new,,,"restricted_zones defines: Specifies the zones where the vehicle is restricted from fulfilling any tasks. Although, the vehicle can be routed through such zones. Please note: * If this parameter is provided, then the vehicle…",Analytical business logic extraction,ACCEPT,
VEH-538,vehicles.restricted_zones,businessRules,3,new,,,Each element in restricted_zones must be valid and consistent with related fields.,Analytical business logic extraction,ACCEPT,
VEH-539,vehicles.restricted_zones,businessRules,4,new,,,"Must stay consistent with: jobs.zones, vehicles.allowed_zones. Changes here may require validation of those fields.",Analytical business logic extraction,ACCEPT,
VEH-540,vehicles.restricted_zones,businessRules,5,new,,,Rule: Vehicle's allowed_zones must include the job/shipment's zones.,Analytical business logic extraction,ACCEPT,
VEH-541,vehicles.restricted_zones,businessRules,6,new,,,Optional field. Omitting uses solver's default behavior (no penalty).,Analytical business logic extraction,ACCEPT,
VEH-542,vehicles.restricted_zones,businessRules,7,new,,,Vehicle and job zones must intersect. Vehicle without zone restrictions can serve any zone.,Analytical business logic extraction,ACCEPT,
VEH-543,vehicles.restricted_zones,testingGuidance,1,kept,Positive,Positive: restricted_zones [3] — vehicle avoids serving zone-3 tasks but can drive through.,Positive: restricted_zones [3] — vehicle avoids serving zone-3 tasks but can drive through.,Existing enrichment,ACCEPT,
VEH-544,vehicles.restricted_zones,testingGuidance,2,kept,,Infeasible: every vehicle restricts the only zone a job is in -> unassigned.,Infeasible: every vehicle restricts the only zone a job is in -> unassigned.,Existing enrichment,ACCEPT,
VEH-545,vehicles.restricted_zones,testingGuidance,3,new,Positive,,Positive: omit optional field restricted_zones,Analytical spec deep-dive,ACCEPT,
VEH-546,vehicles.restricted_zones,testingGuidance,4,new,Interaction,,Interaction: Infeasible: job in zone 2 with every vehicle restricting or not allowing zone 2 -> unassigned.,Analytical spec deep-dive,ACCEPT,
VEH-547,vehicles.restricted_zones,testingGuidance,5,new,Interaction,,"Interaction: Positive: job zones [1], vehicle allowed_zones [1] -> served.",Analytical spec deep-dive,ACCEPT,
VEH-548,vehicles.skills,summary,1,kept,,Capability tags the vehicle provides; must be a superset of any task it serves.,Capability tags the vehicle provides; must be a superset of any task it serves.,Spec: It is a multi-dimensional object that can be used to define multiple skills and abilities of drivers or vehicles. Please note that only those vehicles with all the skills needed for a job/shipment …,ACCEPT,
VEH-549,vehicles.skills,range,1,kept,,Array of non-negative integers; may be empty (then it can only serve tasks with empty skills).,Array of non-negative integers; may be empty (then it can only serve tasks with empty skills).,Spec: It is a multi-dimensional object that can be used to define multiple skills and abilities of drivers or vehicles. Please note that only those vehicles with all the skills needed for a job/shipment …,ACCEPT,
VEH-550,vehicles.skills,constraints,1,kept,,Non-negative integers.,Non-negative integers.,Existing enrichment,ACCEPT,
VEH-551,vehicles.skills,businessRules,1,kept,,A task is assignable to this vehicle iff task.skills is a subset of vehicle.skills.,A task is assignable to this vehicle iff task.skills is a subset of vehicle.skills.,Existing enrichment,ACCEPT,
VEH-552,vehicles.skills,businessRules,2,kept,,A single high-skill vehicle can become a bottleneck under load.,A single high-skill vehicle can become a bottleneck under load.,Existing enrichment,ACCEPT,
VEH-553,vehicles.skills,businessRules,3,new,,,skills defines: It is a multi-dimensional object that can be used to define multiple skills and abilities of drivers or vehicles. Please note that only those vehicles with all the skills needed for a job/shipment …,Analytical business logic extraction,ACCEPT,
VEH-554,vehicles.skills,businessRules,4,new,,,Each element in skills must be valid and consistent with related fields.,Analytical business logic extraction,ACCEPT,
VEH-555,vehicles.skills,businessRules,5,new,,,"Must stay consistent with: jobs.skills, shipments.skills. Changes here may require validation of those fields.",Analytical business logic extraction,ACCEPT,
VEH-556,vehicles.skills,businessRules,6,new,,,"Rule: Vehicle must have all skills required by the job (exact match, case-sensitive).",Analytical business logic extraction,ACCEPT,
VEH-557,vehicles.skills,businessRules,7,new,,,Optional field. Omitting uses solver's default behavior (no penalty).,Analytical business logic extraction,ACCEPT,
VEH-558,vehicles.skills,businessRules,8,new,,,Skills matching is case-sensitive and exact. Vehicle must have ALL skills required by job.,Analytical business logic extraction,ACCEPT,
VEH-559,vehicles.skills,testingGuidance,1,kept,Positive,"Positive: vehicle skills [1,2] serves a job needing [2].","Positive: vehicle skills [1,2] serves a job needing [2].",Existing enrichment,ACCEPT,
VEH-560,vehicles.skills,testingGuidance,2,kept,,Infeasible: no vehicle has the required skill -> job unassigned (skill reason).,Infeasible: no vehicle has the required skill -> job unassigned (skill reason).,Existing enrichment,ACCEPT,
VEH-561,vehicles.skills,testingGuidance,3,kept,Boundary,Boundary: empty vehicle skills can serve only empty-skill jobs.,Boundary: empty vehicle skills can serve only empty-skill jobs.,Existing enrichment,ACCEPT,
VEH-562,vehicles.skills,testingGuidance,4,new,Positive,,Positive: omit optional field skills,Analytical spec deep-dive,ACCEPT,
VEH-563,vehicles.skills,testingGuidance,5,new,Interaction,,"Interaction: Infeasible: job needs skill 3, no vehicle has 3 -> unassigned.",Analytical spec deep-dive,ACCEPT,
VEH-564,vehicles.skills,testingGuidance,6,new,Interaction,,Interaction: Positive: job needs [2]; only the vehicle whose skills include 2 serves it.,Analytical spec deep-dive,ACCEPT,
VEH-565,vehicles.speed_factor,summary,1,kept,,Multiplier on travel speed; affects arrival times and duration-based cost.,Multiplier on travel speed; affects arrival times and duration-based cost.,"Spec: A positive number indicating the factor by which the vehicle’s speed should be adjusted , relative to normal speed, affecting the driving durations consequently. When speed_factor is greater than 1…",ACCEPT,
VEH-566,vehicles.speed_factor,range,1,kept,,"Number > 0 up to 5.0, two-decimal precision. Default 1. >1 = faster.","Number > 0 up to 5.0, two-decimal precision. Default 1. >1 = faster.","Spec: A positive number indicating the factor by which the vehicle’s speed should be adjusted , relative to normal speed, affecting the driving durations consequently. When speed_factor is greater than 1…",ACCEPT,
VEH-567,vehicles.speed_factor,constraints,1,kept,,"Range (0, 5.0]; two decimals.","Range (0, 5.0]; two decimals.",Existing enrichment,ACCEPT,
VEH-568,vehicles.speed_factor,businessRules,1,new,,,"speed_factor defines: A positive number indicating the factor by which the vehicle’s speed should be adjusted , relative to normal speed, affecting the driving durations consequently. When speed_factor is greater than 1…",Analytical business logic extraction,ACCEPT,
VEH-569,vehicles.speed_factor,businessRules,2,new,,,Must stay consistent with: vehicles.max_travel_time. Changes here may require validation of those fields.,Analytical business logic extraction,ACCEPT,
VEH-570,vehicles.speed_factor,businessRules,3,new,,,Numeric field; verify sign (positive/negative) and unit from spec.,Analytical business logic extraction,ACCEPT,
VEH-571,vehicles.speed_factor,businessRules,4,new,,,Optional field. Omitting uses solver's default behavior (no penalty).,Analytical business logic extraction,ACCEPT,
VEH-572,vehicles.speed_factor,validationRules,1,kept,,speed_factor 0 or negative -> 400.,speed_factor 0 or negative -> 400.,Existing enrichment,ACCEPT,
VEH-573,vehicles.speed_factor,validationRules,2,kept,,speed_factor > 5.0 -> 400.,speed_factor > 5.0 -> 400.,Existing enrichment,ACCEPT,
VEH-574,vehicles.speed_factor,testingGuidance,1,kept,Boundary,Boundary: 0.01 (slowest) and 5.0 (fastest) accepted; 5.01 -> 400.,Boundary: 0.01 (slowest) and 5.0 (fastest) accepted; 5.01 -> 400.,Existing enrichment,ACCEPT,
VEH-575,vehicles.speed_factor,testingGuidance,2,kept,,"Behavioral: speed_factor 2 halves travel times, easing time-window/duration feasibility.","Behavioral: speed_factor 2 halves travel times, easing time-window/duration feasibility.",Existing enrichment,ACCEPT,
VEH-576,vehicles.speed_factor,testingGuidance,3,new,Boundary,,Boundary: zero value (0),Analytical spec deep-dive,ACCEPT,
VEH-577,vehicles.speed_factor,testingGuidance,4,new,Boundary,,Boundary: negative value (-1),Analytical spec deep-dive,ACCEPT,
VEH-578,vehicles.speed_factor,testingGuidance,5,new,Boundary,,Boundary: very large value,Analytical spec deep-dive,ACCEPT,
VEH-579,vehicles.speed_factor,testingGuidance,6,new,Positive,,Positive: omit optional field speed_factor,Analytical spec deep-dive,ACCEPT,
VEH-580,vehicles.start_depot_ids,summary,1,kept,,Depots the vehicle may start from (alternative to start_index).,Depots the vehicle may start from (alternative to start_index).,"Spec: Specify the depots from which the vehicle can start. It is assumed that the vehicles can load the goods, which are to be delivered during the trip, when starting from the given depot. If certain de…",ACCEPT,
VEH-581,vehicles.start_depot_ids,range,1,kept,,Array of depot id strings; each must match a defined depot.,Array of depot id strings; each must match a defined depot.,"Spec: Specify the depots from which the vehicle can start. It is assumed that the vehicles can load the goods, which are to be delivered during the trip, when starting from the given depot. If certain de…",ACCEPT,
VEH-582,vehicles.start_depot_ids,businessRules,1,kept,,Pickup-type jobs with depots configured cannot be served by a vehicle that has only start depots.,Pickup-type jobs with depots configured cannot be served by a vehicle that has only start depots.,Existing enrichment,ACCEPT,
VEH-583,vehicles.start_depot_ids,businessRules,2,new,,,"start_depot_ids defines: Specify the depots from which the vehicle can start. It is assumed that the vehicles can load the goods, which are to be delivered during the trip, when starting from the given depot. If certain de…",Analytical business logic extraction,ACCEPT,
VEH-584,vehicles.start_depot_ids,businessRules,3,new,,,Each element in start_depot_ids must be valid and consistent with related fields.,Analytical business logic extraction,ACCEPT,
VEH-585,vehicles.start_depot_ids,businessRules,4,new,,,"Must stay consistent with: vehicles.start_index, jobs.depot_ids. Changes here may require validation of those fields.",Analytical business logic extraction,ACCEPT,
VEH-586,vehicles.start_depot_ids,businessRules,5,new,,,Rule: Shipments: pickup always occurs before delivery on the route.,Analytical business logic extraction,ACCEPT,
VEH-587,vehicles.start_depot_ids,businessRules,6,new,,,Optional field. Omitting uses solver's default behavior (no penalty).,Analytical business logic extraction,ACCEPT,
VEH-588,vehicles.start_depot_ids,validationRules,1,kept,,A depot id not present in depots[] -> 400.,A depot id not present in depots[] -> 400.,Existing enrichment,ACCEPT,
VEH-589,vehicles.start_depot_ids,testingGuidance,1,kept,Positive,Positive: vehicle starts from one of two depots nearest its cluster.,Positive: vehicle starts from one of two depots nearest its cluster.,Existing enrichment,ACCEPT,
VEH-590,vehicles.start_depot_ids,testingGuidance,2,kept,,Negative: start_depot_ids referencing an undefined depot -> 400.,Negative: start_depot_ids referencing an undefined depot -> 400.,Existing enrichment,ACCEPT,
VEH-591,vehicles.start_depot_ids,testingGuidance,3,new,Positive,,Positive: omit optional field start_depot_ids,Analytical spec deep-dive,ACCEPT,
VEH-592,vehicles.start_depot_ids,testingGuidance,4,new,Interaction,,"Interaction: Positive: two depots north/south, demand split by region -> each vehicle serves its nearby cluster.",Analytical spec deep-dive,ACCEPT,
VEH-593,vehicles.start_depot_ids,testingGuidance,5,new,Interaction,,Interaction: Infeasible: job depot_ids incompatible with any vehicle's depots -> unassigned.,Analytical spec deep-dive,ACCEPT,
VEH-594,vehicles.start_index,summary,1,kept,,Index into locations.location where the vehicle begins its route.,Index into locations.location where the vehicle begins its route.,"Spec: Specify the index of the vehicle’s starting point in the location array. The valid value range is \[0, length of location array). Please note that if either of the start_index or start_depot_ids is…",ACCEPT,
VEH-595,vehicles.start_index,range,1,kept,,"Integer in [0, len(location)). If neither start_index nor start_depot_ids is given, the vehicle starts at its first task.","Integer in [0, len(location)). If neither start_index nor start_depot_ids is given, the vehicle starts at its first task.","Spec: Specify the index of the vehicle’s starting point in the location array. The valid value range is \[0, length of location array). Please note that if either of the start_index or start_depot_ids is…",ACCEPT,
VEH-596,vehicles.start_index,constraints,1,kept,,"Range [0, len(location)).","Range [0, len(location)).",Existing enrichment,ACCEPT,
VEH-597,vehicles.start_index,constraints,2,kept,,Integer only.,Integer only.,Existing enrichment,ACCEPT,
VEH-598,vehicles.start_index,businessRules,1,new,,,"start_index defines: Specify the index of the vehicle’s starting point in the location array. The valid value range is \[0, length of location array). Please note that if either of the start_index or start_depot_ids is…",Analytical business logic extraction,ACCEPT,
VEH-599,vehicles.start_index,businessRules,2,new,,,"Must stay consistent with: locations.location, vehicles.end_index, vehicles.start_depot_ids. Changes here may require validation of those fields.",Analytical business logic extraction,ACCEPT,
VEH-600,vehicles.start_index,businessRules,3,new,,,Rule: Shipments: pickup always occurs before delivery on the route.,Analytical business logic extraction,ACCEPT,
VEH-601,vehicles.start_index,businessRules,4,new,,,Numeric field; verify sign (positive/negative) and unit from spec.,Analytical business logic extraction,ACCEPT,
VEH-602,vehicles.start_index,businessRules,5,new,,,Optional field. Omitting uses solver's default behavior (no penalty).,Analytical business logic extraction,ACCEPT,
VEH-603,vehicles.start_index,validationRules,1,kept,,start_index >= len(location) -> 400.,start_index >= len(location) -> 400.,Existing enrichment,ACCEPT,
VEH-604,vehicles.start_index,validationRules,2,kept,,start_index < 0 -> 400.,start_index < 0 -> 400.,Existing enrichment,ACCEPT,
VEH-605,vehicles.start_index,validationRules,3,kept,,"Non-integer start_index (e.g. ""0"") -> 400 type error.","Non-integer start_index (e.g. ""0"") -> 400 type error.",Existing enrichment,ACCEPT,
VEH-606,vehicles.start_index,testingGuidance,1,kept,Positive,Positive: start_index 0 (nominal anchor).,Positive: start_index 0 (nominal anchor).,Existing enrichment,ACCEPT,
VEH-607,vehicles.start_index,testingGuidance,2,kept,Boundary,Boundary: start_index len-1 (last valid index).,Boundary: start_index len-1 (last valid index).,Existing enrichment,ACCEPT,
VEH-608,vehicles.start_index,testingGuidance,3,kept,Negative-validation,Negative-validation: start_index == len(location) -> 400 (out of range).,Negative-validation: start_index == len(location) -> 400 (out of range).,Existing enrichment,ACCEPT,
VEH-609,vehicles.start_index,testingGuidance,4,kept,Negative-validation,Negative-validation: start_index -1 -> 400 (below range).,Negative-validation: start_index -1 -> 400 (below range).,Existing enrichment,ACCEPT,
VEH-610,vehicles.start_index,testingGuidance,5,kept,Negative-validation,"Negative-validation: non-integer start_index like ""0"" -> 400 type error.","Negative-validation: non-integer start_index like ""0"" -> 400 type error.",Existing enrichment,ACCEPT,
VEH-611,vehicles.start_index,testingGuidance,6,kept,Interaction,Interaction: omit both start_index and start_depot_ids -> vehicle starts at its first task (open start).,Interaction: omit both start_index and start_depot_ids -> vehicle starts at its first task (open start).,Existing enrichment,ACCEPT,
VEH-612,vehicles.start_index,testingGuidance,7,new,Boundary,,Boundary: zero value (0),Analytical spec deep-dive,ACCEPT,
VEH-613,vehicles.start_index,testingGuidance,8,new,Boundary,,Boundary: negative value (-1),Analytical spec deep-dive,ACCEPT,
VEH-614,vehicles.start_index,testingGuidance,9,new,Boundary,,Boundary: very large value,Analytical spec deep-dive,ACCEPT,
VEH-615,vehicles.start_index,testingGuidance,10,new,Positive,,Positive: omit optional field start_index,Analytical spec deep-dive,ACCEPT,
VEH-616,vehicles.start_index,testingGuidance,11,new,Interaction,,Interaction: Negative: a job location_index equal to len(location) -> 400.,Analytical spec deep-dive,ACCEPT,
VEH-617,vehicles.start_index,testingGuidance,12,new,Interaction,,"Interaction: Negative: a non-integer index like ""first"" -> 400 type error.",Analytical spec deep-dive,ACCEPT,
VEH-618,vehicles.start_index,testingGuidance,13,new,Interaction,,"Interaction: Positive: two depots north/south, demand split by region -> each vehicle serves its nearby cluster.",Analytical spec deep-dive,ACCEPT,
VEH-619,vehicles.start_index,testingGuidance,14,new,Interaction,,Interaction: Infeasible: job depot_ids incompatible with any vehicle's depots -> unassigned.,Analytical spec deep-dive,ACCEPT,
VEH-620,vehicles.time_window,summary,1,kept,,The vehicle's single shift window; the whole route (incl. service + waiting) must fit within it.,The vehicle's single shift window; the whole route (incl. service + waiting) must fit within it.,"Spec: time_window field is used to describe the time period during which a vehicle is available to perform assigned tasks. The time\_window should be specified in the format of \[start\_timestamp,end\_ti…",ACCEPT,
VEH-621,vehicles.time_window,range,1,kept,,"A single [start, end] pair of Unix seconds (singular — unlike task time_windows which is a 2-D array). start <= end.","A single [start, end] pair of Unix seconds (singular — unlike task time_windows which is a 2-D array). start <= end.","Spec: time_window field is used to describe the time period during which a vehicle is available to perform assigned tasks. The time\_window should be specified in the format of \[start\_timestamp,end\_ti…",ACCEPT,
VEH-622,vehicles.time_window,constraints,1,kept,,start <= end; non-negative Unix seconds.,start <= end; non-negative Unix seconds.,Existing enrichment,ACCEPT,
VEH-623,vehicles.time_window,businessRules,1,kept,,Route end (last arrival + service) must be <= time_window[1].,Route end (last arrival + service) must be <= time_window[1].,Existing enrichment,ACCEPT,
VEH-624,vehicles.time_window,businessRules,2,kept,,Waiting for a late task window counts toward elapsed shift time.,Waiting for a late task window counts toward elapsed shift time.,Existing enrichment,ACCEPT,
VEH-625,vehicles.time_window,businessRules,3,new,,,"time_window defines: time_window field is used to describe the time period during which a vehicle is available to perform assigned tasks. The time\_window should be specified in the format of \[start\_timestamp,end\_ti…",Analytical business logic extraction,ACCEPT,
VEH-626,vehicles.time_window,businessRules,4,new,,,Each element in time_window must be valid and consistent with related fields.,Analytical business logic extraction,ACCEPT,
VEH-627,vehicles.time_window,businessRules,5,new,,,"Must stay consistent with: jobs.time_windows, vehicles.max_working_time. Changes here may require validation of those fields.",Analytical business logic extraction,ACCEPT,
VEH-628,vehicles.time_window,businessRules,6,new,,,Rule: Shipments: pickup always occurs before delivery on the route.,Analytical business logic extraction,ACCEPT,
VEH-629,vehicles.time_window,businessRules,7,new,,,Optional field. Omitting uses solver's default behavior (no penalty).,Analytical business logic extraction,ACCEPT,
VEH-630,vehicles.time_window,validationRules,1,kept,,start > end -> 400.,start > end -> 400.,Existing enrichment,ACCEPT,
VEH-631,vehicles.time_window,validationRules,2,kept,,A 2-D array (task-style) here -> 400 (vehicle uses a single pair).,A 2-D array (task-style) here -> 400 (vehicle uses a single pair).,Existing enrichment,ACCEPT,
VEH-632,vehicles.time_window,validationRules,3,kept,,Negative Unix seconds -> 400.,Negative Unix seconds -> 400.,Existing enrichment,ACCEPT,
VEH-633,vehicles.time_window,testingGuidance,1,kept,Positive,"Positive: shift [32400,61200] (09:00–17:00) comfortably fits the route.","Positive: shift [32400,61200] (09:00–17:00) comfortably fits the route.",Existing enrichment,ACCEPT,
VEH-634,vehicles.time_window,testingGuidance,2,kept,Positive,"Positive: feasible route inside a tight shift, e.g. [32400,36000] with one nearby job.","Positive: feasible route inside a tight shift, e.g. [32400,36000] with one nearby job.",Existing enrichment,ACCEPT,
VEH-635,vehicles.time_window,testingGuidance,3,kept,Boundary,Boundary: route ending exactly at time_window[1] accepted.,Boundary: route ending exactly at time_window[1] accepted.,Existing enrichment,ACCEPT,
VEH-636,vehicles.time_window,testingGuidance,4,kept,Negative-validation,"Negative-validation: time_window start > end (e.g. [61200,32400]) -> 400.","Negative-validation: time_window start > end (e.g. [61200,32400]) -> 400.",Existing enrichment,ACCEPT,
VEH-637,vehicles.time_window,testingGuidance,5,kept,Negative-validation,Negative-validation: a 2-D task-style array here -> 400.,Negative-validation: a 2-D task-style array here -> 400.,Existing enrichment,ACCEPT,
VEH-638,vehicles.time_window,testingGuidance,6,kept,Negative-infeasible,Negative-infeasible: a job forcing route end past time_window[1] -> unassigned (couples with max-duration-distance-cap).,Negative-infeasible: a job forcing route end past time_window[1] -> unassigned (couples with max-duration-distance-cap).,Existing enrichment,ACCEPT,
VEH-639,vehicles.time_window,testingGuidance,7,kept,Interaction,Interaction: a long wait for a late task window pushes route end past the shift -> unassigned.,Interaction: a long wait for a late task window pushes route end past the shift -> unassigned.,Existing enrichment,ACCEPT,
VEH-640,vehicles.time_window,testingGuidance,8,new,Positive,,Positive: omit optional field time_window,Analytical spec deep-dive,ACCEPT,
VEH-641,vehicles.time_window,testingGuidance,9,new,Interaction,,Interaction: Infeasible: nearest task's leg alone exceeds max_travel_time -> vehicle serves nothing.,Analytical spec deep-dive,ACCEPT,
VEH-642,vehicles.time_window,testingGuidance,10,new,Interaction,,Interaction: Interaction: a 40-min wait for a late window pushes route end past the shift -> unassigned.,Analytical spec deep-dive,ACCEPT,
VEH-643,vehicles.time_window,testingGuidance,11,new,Interaction,,"Interaction: Break duration: vehicle with max_working_time 480 and two 30-min breaks + 8h driving -> working time 480 (hits cap, no room for service).",Analytical spec deep-dive,ACCEPT,
VEH-644,vehicles.time_window,testingGuidance,12,new,Interaction,,"Interaction: Layover: max_working_time 480, 120-min layover + 360-min driving -> working time exactly 480.",Analytical spec deep-dive,ACCEPT,
VEH-645,vehicles.time_window,testingGuidance,13,new,Interaction,,"Interaction: Infeasible: job window [09:00,09:30], max_visit_lateness 0, nearest vehicle arrives 09:45 -> unassigned.",Analytical spec deep-dive,ACCEPT,
VEH-646,vehicles.time_window,testingGuidance,14,new,Interaction,,Interaction: Interaction: a long wait for a late window pushes route end past the shift -> unassigned (couples with max-duration-distance-cap).,Analytical spec deep-dive,ACCEPT,
VEH-647,vehicles.time_window,testingGuidance,15,new,Interaction,,"Interaction: Shipment: delivery window [09:00,09:30], max_visit_lateness 15, nearest vehicle arrives 09:40 -> accepted within lateness.",Analytical spec deep-dive,ACCEPT,
VEH-648,vehicles.time_window,testingGuidance,16,new,Interaction,,"Interaction: Break: break time_windows [12:00,13:00], vehicle arrives 12:30 -> break scheduled at 12:30.",Analytical spec deep-dive,ACCEPT,
VEH-649,vehicles.volume.depth,summary,1,kept,,Vehicle compartment depth (meters).,Vehicle compartment depth (meters).,"Spec: Compartment length, in meters.",ACCEPT,
VEH-650,vehicles.volume.depth,range,1,kept,,"Number, meters.","Number, meters.","Spec: Compartment length, in meters.",ACCEPT,
VEH-651,vehicles.volume.depth,constraints,1,kept,,Non-negative number.,Non-negative number.,Existing enrichment,ACCEPT,
VEH-652,vehicles.volume.depth,businessRules,1,new,,,"depth defines: Compartment length, in meters.",Analytical business logic extraction,ACCEPT,
VEH-653,vehicles.volume.depth,businessRules,2,new,,,Must stay consistent with: vehicles.volume. Changes here may require validation of those fields.,Analytical business logic extraction,ACCEPT,
VEH-654,vehicles.volume.depth,businessRules,3,new,,,Numeric field; verify sign (positive/negative) and unit from spec.,Analytical business logic extraction,ACCEPT,
VEH-655,vehicles.volume.depth,businessRules,4,new,,,Optional field. Omitting uses solver's default behavior (no penalty).,Analytical business logic extraction,ACCEPT,
VEH-656,vehicles.volume.depth,testingGuidance,1,kept,Boundary,Boundary: depth just fitting the deepest cargo.,Boundary: depth just fitting the deepest cargo.,Existing enrichment,ACCEPT,
VEH-657,vehicles.volume.depth,testingGuidance,2,new,Boundary,,Boundary: zero value (0),Analytical spec deep-dive,ACCEPT,
VEH-658,vehicles.volume.depth,testingGuidance,3,new,Boundary,,Boundary: negative value (-1),Analytical spec deep-dive,ACCEPT,
VEH-659,vehicles.volume.depth,testingGuidance,4,new,Boundary,,Boundary: very large value,Analytical spec deep-dive,ACCEPT,
VEH-660,vehicles.volume.depth,testingGuidance,5,new,Positive,,Positive: omit optional field depth,Analytical spec deep-dive,ACCEPT,
VEH-661,vehicles.volume.height,summary,1,kept,,Vehicle compartment height (meters).,Vehicle compartment height (meters).,"Spec: Compartment height, in meters.",ACCEPT,
VEH-662,vehicles.volume.height,range,1,kept,,"Number, meters.","Number, meters.","Spec: Compartment height, in meters.",ACCEPT,
VEH-663,vehicles.volume.height,constraints,1,kept,,Non-negative number.,Non-negative number.,Existing enrichment,ACCEPT,
VEH-664,vehicles.volume.height,businessRules,1,new,,,"height defines: Compartment height, in meters.",Analytical business logic extraction,ACCEPT,
VEH-665,vehicles.volume.height,businessRules,2,new,,,Must stay consistent with: vehicles.volume. Changes here may require validation of those fields.,Analytical business logic extraction,ACCEPT,
VEH-666,vehicles.volume.height,businessRules,3,new,,,Numeric field; verify sign (positive/negative) and unit from spec.,Analytical business logic extraction,ACCEPT,
VEH-667,vehicles.volume.height,businessRules,4,new,,,Optional field. Omitting uses solver's default behavior (no penalty).,Analytical business logic extraction,ACCEPT,
VEH-668,vehicles.volume.height,testingGuidance,1,kept,Boundary,Boundary: height just fitting the tallest cargo.,Boundary: height just fitting the tallest cargo.,Existing enrichment,ACCEPT,
VEH-669,vehicles.volume.height,testingGuidance,2,new,Boundary,,Boundary: zero value (0),Analytical spec deep-dive,ACCEPT,
VEH-670,vehicles.volume.height,testingGuidance,3,new,Boundary,,Boundary: negative value (-1),Analytical spec deep-dive,ACCEPT,
VEH-671,vehicles.volume.height,testingGuidance,4,new,Boundary,,Boundary: very large value,Analytical spec deep-dive,ACCEPT,
VEH-672,vehicles.volume.height,testingGuidance,5,new,Positive,,Positive: omit optional field height,Analytical spec deep-dive,ACCEPT,
VEH-673,vehicles.volume,summary,1,kept,,Loading-compartment dimensions of the vehicle; required for it to carry tasks that specify volume.,Loading-compartment dimensions of the vehicle; required for it to carry tasks that specify volume.,Spec: Specify the dimensions of the vehicle's loading compartment. These inputs will be used to decide which cargo can be loaded into the vehicle based on their dimensions and alignment orientations. Ple…,ACCEPT,
VEH-674,vehicles.volume,range,1,kept,,"Object: { width, depth, height } in meters.","Object: { width, depth, height } in meters.",Spec: Specify the dimensions of the vehicle's loading compartment. These inputs will be used to decide which cargo can be loaded into the vehicle based on their dimensions and alignment orientations. Ple…,ACCEPT,
VEH-675,vehicles.volume,businessRules,1,kept,,A vehicle WITHOUT volume cannot serve tasks that specify volume.,A vehicle WITHOUT volume cannot serve tasks that specify volume.,Existing enrichment,ACCEPT,
VEH-676,vehicles.volume,businessRules,2,new,,,volume defines: Specify the dimensions of the vehicle's loading compartment. These inputs will be used to decide which cargo can be loaded into the vehicle based on their dimensions and alignment orientations. Ple…,Analytical business logic extraction,ACCEPT,
VEH-677,vehicles.volume,businessRules,3,new,,,"Must stay consistent with: vehicles.volume.width, jobs.volume. Changes here may require validation of those fields.",Analytical business logic extraction,ACCEPT,
VEH-678,vehicles.volume,businessRules,4,new,,,Optional field. Omitting uses solver's default behavior (no penalty).,Analytical business logic extraction,ACCEPT,
VEH-679,vehicles.volume,testingGuidance,1,kept,Positive,Positive: vehicle volume covers a job's volume.,Positive: vehicle volume covers a job's volume.,Existing enrichment,ACCEPT,
VEH-680,vehicles.volume,testingGuidance,2,kept,,Infeasible: a job with volume but every vehicle lacks volume -> unassigned.,Infeasible: a job with volume but every vehicle lacks volume -> unassigned.,Existing enrichment,ACCEPT,
VEH-681,vehicles.volume,testingGuidance,3,new,Positive,,Positive: omit optional field volume,Analytical spec deep-dive,ACCEPT,
VEH-682,vehicles.volume.width,summary,1,kept,,Vehicle compartment width (meters).,Vehicle compartment width (meters).,"Spec: Compartment width, in meters.",ACCEPT,
VEH-683,vehicles.volume.width,range,1,kept,,"Number, meters.","Number, meters.","Spec: Compartment width, in meters.",ACCEPT,
VEH-684,vehicles.volume.width,constraints,1,kept,,Non-negative number.,Non-negative number.,Existing enrichment,ACCEPT,
VEH-685,vehicles.volume.width,businessRules,1,new,,,"width defines: Compartment width, in meters.",Analytical business logic extraction,ACCEPT,
VEH-686,vehicles.volume.width,businessRules,2,new,,,Must stay consistent with: vehicles.volume. Changes here may require validation of those fields.,Analytical business logic extraction,ACCEPT,
VEH-687,vehicles.volume.width,businessRules,3,new,,,Numeric field; verify sign (positive/negative) and unit from spec.,Analytical business logic extraction,ACCEPT,
VEH-688,vehicles.volume.width,businessRules,4,new,,,Optional field. Omitting uses solver's default behavior (no penalty).,Analytical business logic extraction,ACCEPT,
VEH-689,vehicles.volume.width,testingGuidance,1,kept,Boundary,Boundary: width just fitting the widest cargo.,Boundary: width just fitting the widest cargo.,Existing enrichment,ACCEPT,
VEH-690,vehicles.volume.width,testingGuidance,2,new,Boundary,,Boundary: zero value (0),Analytical spec deep-dive,ACCEPT,
VEH-691,vehicles.volume.width,testingGuidance,3,new,Boundary,,Boundary: negative value (-1),Analytical spec deep-dive,ACCEPT,
VEH-692,vehicles.volume.width,testingGuidance,4,new,Boundary,,Boundary: very large value,Analytical spec deep-dive,ACCEPT,
VEH-693,vehicles.volume.width,testingGuidance,5,new,Positive,,Positive: omit optional field width,Analytical spec deep-dive,ACCEPT,